,days,balance,sharpe,sortino,return,fee,drawdown,num_trades,q_trades
0,0.04650115740740741,1.995380713393018,-5.6003584078899795,-7.95167658013412,-0.08960827145213512,-0.005240000000000012,1.6752131356655653,51.753681169083734,10.350736233816772
1,0.055779583333333334,1.9869254447386075,29.679475522429502,37.71351127424785,-0.24073123397795326,-0.004960000000000011,0.5470748979590101,40.57815191420792,8.115630382841598
2,0.05343381944444444,1.9701477418443272,-71.97443799244674,-77.28852422692653,-1.127225278178845,-0.004900000000000011,1.8108310113637116,43.55937100627882,8.71187420125578
3,0.05811762731481482,1.9984503749693137,-18.856754948121157,-40.97006546625592,-0.15952427775292044,-0.00436000000000001,0.5166744805254364,34.41579152080902,6.883158304161807
4,0.05518748842592592,1.9720029888135973,-77.1345995484296,-83.77474230886513,-0.7982910680256472,-0.005460000000000013,1.1682130112367295,49.52739345446463,9.905478690892966
5,0.05376988425925926,2.001500143919596,35.93876407688981,70.32351743430051,0.25584800612588054,-0.004920000000000011,0.3886390262420436,44.290242818247485,8.85804856364952
6,0.05209944444444444,1.9878780458291085,-125.25231137284605,-164.71139940420414,-1.0801324605543394,-0.003500000000000008,1.1330159733155654,32.57276212702117,6.51455242540422
7,0.04879769675925926,2.0141214040684976,180.1689537930772,537.2997748329353,2.0993923823177774,-0.00446000000000001,0.2581068240182893,42.72545424237373,8.545090848474752
8,0.04353686342592593,1.9305137685221991,-107.9382081539255,-110.10529782286892,-4.56604172752969,-0.005900000000000014,5.563940476296569,64.723481691393,12.944696338278654
9,0.04702980324074074,2.00946880476791,111.30191639088895,120.37553865627386,1.4997643546665107,-0.005200000000000012,0.6595435547210204,48.15549813857865,9.631099627715749
10,0.049161550925925925,1.9980862606949201,-23.044222832995008,-69.62353246469043,-0.07064826209801645,-0.00454000000000001,1.1067944405380614,42.63391120742346,8.526782241484698
11,0.053292592592592586,1.986953693493099,-22.009863073244674,-40.26509360189022,-0.23815259348349826,-0.004020000000000009,0.5095549989319381,33.3661443573929,6.673228871478574
12,0.04661138888888889,2.009303391205374,45.81209889191712,84.80029422434701,0.261318512594344,-0.0050600000000000115,1.0918577456839218,51.45021392454298,10.290042784908621
13,0.04611327546296296,1.9821740580316523,38.9479500175126,78.87990009728645,-0.8811733935731647,-0.00438000000000001,0.8774330637978167,44.61565816524976,8.923131633049959
14,0.048115358796296304,1.9881670234402244,-10.323061324575093,-20.23607943733331,0.22810555404492172,-0.0054200000000000125,1.0097366453837964,50.41315219203201,10.08263043840643
15,0.049728425925925926,2.012591690227385,125.13687207617664,169.15236095593215,0.9682345744249643,-0.0039200000000000085,0.35977773195596807,38.391426348835914,7.678285269767179
16,0.04951732638888889,1.9844230316319933,-54.19540999586984,-70.29106938735175,-0.6721218219685188,-0.0042800000000000095,0.8932137495202053,41.03378340834583,8.20675668166917
17,0.04912238425925926,1.9879371606893748,-2.986695687903066,-4.595918385823871,-0.18821978337794087,-0.004140000000000009,0.6174649278070876,40.20695115852642,8.041390231705282
18,0.05078640046296296,1.9728153673085573,-98.24252158505932,-128.9090396451497,-1.2680147022273602,-0.004820000000000011,1.8545373445623459,43.35814302383731,8.671628604767468
19,0.04408423611111111,1.9534458355801365,-168.8778367133102,-225.78023771071275,-2.295922527170058,-0.005500000000000013,2.530474422910467,58.369783852864366,11.673956770572909
20,0.048555648148148146,2.000316656908156,-56.227135444836925,-86.81024502091411,-0.1680410057642412,-0.00458000000000001,1.3182150272913251,42.92562649330444,8.585125298660893
21,0.04858542824074074,1.973487468632929,-35.40243897779999,-32.384956531264095,-0.22304353334041682,-0.00452000000000001,1.2162125440836946,42.39734400177807,8.479468800355619
22,0.050252604166666666,1.9764467515452349,-28.855876661527816,-25.013153026333864,-0.95442303321428,-0.00450000000000001,1.8029860445092472,42.84919708840362,8.569839417680733
23,0.0526016087962963,2.0064796589379377,59.85033996625955,237.70322500475234,0.518555211756766,-0.0039200000000000085,0.36133514019258683,34.00933488914819,6.801866977829629
24,0.05165303240740741,2.0013028960557375,-9.214514904548365,-22.21476914008405,-0.06233370479922229,-0.003860000000000009,0.42765628612795314,34.95957659609935,6.991915319219863
25,0.05343951388888889,1.9988345564319094,34.77998681348851,46.498146100509864,0.2394112930436454,-0.005120000000000012,0.42584417344589953,42.17880757904095,8.435761515808204
26,0.049206990740740746,1.9791269126283595,-116.09647534766263,-166.4247014071524,-0.727277012182248,-0.0039200000000000085,0.8370915764578379,35.44735233650053,7.089470467300096
27,0.04966010416666666,2.00050262149546,-32.61558980263706,-58.243494719386796,-0.25009107929162555,-0.00452000000000001,0.9537933627437822,41.022864921931436,8.20457298438629
28,0.04917097222222223,1.9897925509774503,35.64441906821439,69.7953323319989,0.24277483836979696,-0.004780000000000011,0.42335150374515074,44.140051119631046,8.82801022392622
29,0.04981521990740741,1.9869793338604722,-47.959667418071575,-47.916887771892036,-0.6974174506148678,-0.004120000000000009,0.9233877247476707,37.62924376284936,7.525848752569867
30,0.04846112268518519,2.0084050261179454,124.2666731190213,305.17989269900147,1.0107198789589211,-0.0046800000000000105,0.4407331789493485,44.752153136633886,8.950430627326789
31,0.05074826388888889,1.9959777858727505,59.817429006221985,145.83433711498765,0.21658908566584145,-0.005120000000000012,0.5520891090143087,48.130243929543816,9.62604878590879
32,0.04583008101851852,1.9900838081632004,-19.679720196297858,-13.33837221244119,-0.7064001596032488,-0.005160000000000012,2.765937448972511,51.36469967216758,10.27293993443354
33,0.046645185185185185,1.9915395516693555,-0.07752203274194458,-0.15019757134992529,0.005290219792175588,-0.0046800000000000105,1.1852963668580574,46.88531421903651,9.37706284380731
34,0.046380358796296296,2.042874922637066,145.95297952055796,200.1215112654769,2.5167935161364507,-0.00452000000000001,0.6447817827051949,46.33700061121298,9.267400122242604
35,0.050213032407407404,1.9707183473975547,-208.27873011754386,-329.131362886532,-2.025935851069982,-0.00432000000000001,1.8956785768767137,40.70945157526254,8.141890315052512
36,0.05131445601851852,1.9382062279425165,-156.157730420222,-190.3472749675935,-2.8390253080369576,-0.005200000000000012,3.2845112755172656,47.18611435239207,9.437222870478442
37,0.04467768518518519,1.9464656916521108,-111.01065078327431,-191.38478265343846,-2.0635107881041725,-0.004820000000000011,2.7273665054490914,51.103683947324555,10.220736789464931
38,0.046960694444444444,2.018685346826424,57.31868047726417,104.42429561081313,0.9500255204927477,-0.00432000000000001,0.9514542128413073,42.44729677168417,8.489459354336834
39,0.04951221064814814,1.9862830466506867,-7.347132334012386,-14.170577412822972,-0.0315382795460839,-0.004220000000000009,0.618484137593911,39.63710618436406,7.927421236872808
40,0.04810458333333333,2.0146413766937434,61.97945347632269,144.63076651494575,0.9663675949024508,-0.00462000000000001,0.35089603640194866,44.12302050341724,8.824604100683457
41,0.050994189814814815,1.9977993223127273,-49.41334532252241,-74.3757282815768,-0.19862788089888284,-0.00462000000000001,0.8175935828512948,41.55531477468467,8.311062954936943
42,0.05202659722222222,1.9954342670280698,-3.5452520312974842,-5.4088264021879455,0.10029035469070191,-0.004140000000000009,0.3970369196869217,35.61713063288326,7.123426126576646
43,0.050641215277777776,1.968109195939934,-106.85152452209083,-113.3548354474841,-1.41275280582831,-0.004920000000000011,1.1745730430419599,46.088098016336055,9.217619603267224
44,0.05380582175925926,2.0011793564656006,69.86013322995296,101.12941900775311,0.5375666342021468,-0.0038000000000000087,0.5476407112386061,35.09040395621493,7.018080791242978
45,0.05297392361111111,1.99675377554352,16.22194955116492,21.611279344695806,-0.014712887411949538,-0.003240000000000007,0.24500092527189876,28.62968828138023,5.725937656276032
46,0.04755215277777778,1.9847872976075753,-49.10132043080248,-87.09764343844377,-0.3503804647507103,-0.003480000000000008,1.024485865547442,33.351336333833416,6.670267266766668
47,0.049529571759259254,1.9859355828541103,-79.27525168879242,-125.350347596578,-0.8526528236987962,-0.004080000000000009,1.0342528782716798,38.9689670500639,7.793793410012777
48,0.05059206018518519,1.99806402827201,30.118747823654736,46.83100720846087,0.23778112508983096,-0.0042600000000000094,0.34023789422061856,38.601933655609265,7.720386731121855
49,0.04991484953703704,1.9930165220041614,-52.57208156573467,-75.23309732015112,-0.2165922481755178,-0.004000000000000009,0.6918327273939262,36.586431071845304,7.317286214369054
50,0.04855631944444444,1.9959617480012941,39.62138194724742,41.41068136165103,0.4169722025353928,-0.0042800000000000095,0.7585842695505884,42.23192754347947,8.446385508695897
51,0.046213796296296294,1.9601662788555019,-100.57027999149551,-128.42827518604543,-2.278704785291752,-0.004020000000000009,2.5020338332074843,39.740567872423185,7.948113574484629
52,0.04354143518518518,1.9792721028624853,-26.090801751158562,-20.13550298261113,-1.9061208075856428,-0.005120000000000012,5.031513538029486,53.131438573095515,10.626287714619124
53,0.043805162037037035,1.9995938039686778,120.43463564050168,335.11198153087486,1.5462897414780796,-0.005460000000000013,0.4910843317462721,59.140467855753734,11.828093571150784
54,0.045440706018518524,1.9776401457398445,-72.33141625329262,-110.3202343609561,-1.0650058398477102,-0.00436000000000001,1.4696963386068185,44.277990776240486,8.855598155248101
55,0.04602248842592593,2.019741556443182,113.50801383064385,210.79929891409563,1.5627386026736967,-0.004920000000000011,0.4803858634206515,50.44721342445963,10.08944268489195
56,0.04497996527777778,1.9854249667881811,-90.22684395736856,-106.91261347435407,-1.0970310985698228,-0.00434000000000001,2.086347269512734,44.52508751458576,8.905017502917152
57,0.04491081018518518,1.974910168857333,-16.82661576325462,-13.159012225067634,-0.5371449455087496,-0.00444000000000001,1.3624062762648603,47.5665944324054,9.513318886481088
58,0.04923936342592593,2.018140470428372,56.96422452973769,119.53693466394095,0.8283128091568281,-0.004860000000000011,0.6615790604740379,46.34033450019448,9.26806690003891
59,0.051541226851851855,1.9796056162439142,-93.79729829503997,-100.80516656648311,-1.2133734767221682,-0.004720000000000011,1.623703900455653,42.19500472300939,8.43900094460189
60,0.049883993055555555,1.980011215351073,-87.5618422342313,-112.52989329628534,-0.8056521266603833,-0.005160000000000012,0.9507107032720619,50.267711285214205,10.05354225704287
61,0.0495778125,1.9982447942382136,31.414995026137014,71.05627813227794,0.5273849089218574,-0.00446000000000001,0.649101331402302,42.81541368005779,8.563082736011566
62,0.04950350694444444,2.014887055897941,162.88167211905116,721.2347731503493,1.3780012195984348,-0.004160000000000009,0.2137913971624772,38.46054898038562,7.692109796077119
63,0.0514100925925926,1.9864654215162985,-76.43041113708297,-129.6598460266119,-0.6118877606565709,-0.0050600000000000115,0.6505090813780257,44.89709396010446,8.97941879202091
64,0.05313289351851851,1.998255224008613,12.600934219082054,23.25082261031449,0.10911050066813033,-0.004020000000000009,0.5794528195337323,36.95224204034006,7.390448408068011
65,0.052266180555555555,1.9972580711373606,2.88794067584372,3.645084034104502,-0.04409832955357684,-0.00462000000000001,0.42697280563827045,44.98260821247986,8.996521642495988
66,0.05610006944444445,1.9869479956378042,-85.08320048028976,-185.7476373409771,-0.31349757072911544,-0.005000000000000011,0.4637420568202155,40.4813580041118,8.096271600822375
67,0.05172637731481481,1.9902621287960172,-50.78706723371726,-64.04332812431558,-0.2859385876552434,-0.00458000000000001,0.36964309819141894,40.08987609045952,8.017975218091909
68,0.04740864583333333,1.9557589580070494,-147.87726215095756,-175.69728830241945,-2.1066368794244617,-0.004880000000000011,2.247639809703228,49.76090459521031,9.952180919042084
69,0.0497321412037037,2.006510500696328,99.7063760606489,299.1182327361465,0.8435186270853379,-0.004940000000000011,0.390000699759363,44.66530532866589,8.933061065733188
70,0.05196600694444445,1.9897174085699039,-18.170740463279262,-31.054251947419704,-0.1739819936168896,-0.00440000000000001,0.4668353007304171,36.91112407623493,7.382224815246982
71,0.04922502314814815,2.0005052382631114,-152.31677900159917,-184.3592459073774,-0.6808366360835927,-0.003600000000000008,1.3328315418096204,33.725231983108294,6.745046396621646
72,0.04554925925925926,1.952589367661456,-48.27529088562352,-93.6882956288874,-1.1673093234908394,-0.004920000000000011,1.6807694700789466,48.83375006945602,9.766750013891222
73,0.04452739583333333,1.9985166519277926,16.595709334913845,20.018831182370427,0.1291721988188943,-0.003900000000000009,1.416510010911598,42.5117241762516,8.502344835250312
74,0.049749918981481484,1.9907332006658194,-85.85351074173816,-105.82490476118447,-0.7544193873927352,-0.0042600000000000094,1.1320971636680444,39.61779741067956,7.9235594821359125
75,0.04844125,1.9883638670460881,-28.506323695449456,-37.78943623677412,-0.2724561822619598,-0.0036400000000000082,0.5899386360129544,34.4023726176585,6.880474523531687
76,0.04749767361111111,2.0029882111561466,69.6630058731884,285.8705303186465,0.812758707995076,-0.003980000000000009,0.6964087261615015,39.082013668944825,7.816402733788958
77,0.04947290509259259,1.9882326236214298,-91.85751887637336,-110.03159295342721,-0.9929706779640224,-0.0037600000000000086,0.9062091068195999,33.72670445074179,6.745340890148345
78,0.04695302083333333,1.9781074914913106,-37.05898346317018,-56.030549370537635,-0.5378091338872459,-0.005700000000000013,1.1305527821181771,55.87528476968384,11.175056953936803
79,0.045205451388888894,1.841064388805433,-106.19814568452257,-93.5777853637345,-8.198472142220858,-0.004860000000000011,9.739635976271588,48.48380285603156,9.696760571206324
80,0.044281840277777776,1.9479894860511322,-120.70544946567132,-146.44309546379583,-1.9027121836419192,-0.005560000000000013,2.909199935451112,57.68558648663666,11.53711729732737
81,0.04437475694444444,1.9866539447705176,-6.013852618747346,-9.987298527514103,-0.17623158625872382,-0.005320000000000012,1.3814592986933438,55.61318553092182,11.122637106184396
82,0.04463005787037037,1.9439713621357293,-156.53800576353504,-196.05175562855766,-2.738665730179024,-0.004940000000000011,3.36716698567886,52.16333277768517,10.432666555537052
83,0.04792335648148149,2.0082886829656905,73.2725073112604,106.86459845529988,0.6217589107163857,-0.004100000000000009,0.32081618194099715,41.567650163916205,8.313530032783241
84,0.0517083912037037,2.0055985344935214,125.69370564716066,241.17718371213397,0.6067578509953986,-0.005140000000000012,0.15830402286935996,42.18958715341446,8.437917430682903
85,0.05290262731481482,1.9959690639048067,15.802620832953112,29.80404941188014,-0.029216142849652904,-0.003540000000000008,0.4709468580691212,30.508334722453743,6.101666944490734
86,0.051241921296296296,2.002024497088198,113.4335768209127,173.1021191223915,0.5242823634524996,-0.003620000000000008,0.30372007517086574,34.2153692282047,6.843073845640928
87,0.049263009259259256,2.002449808202735,-19.188178941433545,-45.25420611769533,-0.11343295883770033,-0.004760000000000011,0.6752301394905791,45.27879646607768,9.05575929321555
88,0.051508541666666664,1.9875822466765194,-102.66293461804115,-261.9601674725324,-0.7091634181768169,-0.003180000000000007,1.1416872135977862,29.4023726176585,5.880474523531686
89,0.04809050925925926,1.966469665169269,-61.363924581618804,-121.26150017625667,-0.9669938448565452,-0.004700000000000011,1.2475709127725554,44.19944990831805,8.839889981663621
90,0.05034409722222222,2.001077034758345,16.2986698057407,26.149353318088924,0.18494463661982152,-0.004200000000000009,0.5985492937629844,40.62010335055842,8.124020670111689
91,0.048327164351851845,1.9950273562850285,61.52186208661811,117.27504625327961,0.780049794930826,-0.00438000000000001,0.671320295267952,43.008918153025505,8.601783630605105
92,0.06621261574074075,1.9864258400596848,-126.05144888870379,-250.4983536939613,-1.2671350224094602,-0.004780000000000011,1.5174121144050479,39.90912374284603,7.981824748569228
93,0.043943530092592595,1.9334428601905198,-155.35742752207463,-326.29016771142403,-3.3643602268965567,-0.005340000000000012,3.4331264154197294,58.64032894371284,11.728065788742605
94,0.045068252314814816,2.0138081536578665,127.05973519780999,207.20232975282735,1.5160038936163245,-0.00440000000000001,0.4953896498794519,44.370117241762514,8.874023448352506
95,0.04861783564814815,1.99108856847529,-116.76416799492246,-227.5227793237895,-0.9310151539505873,-0.003180000000000007,1.1868734458672314,31.162471523031616,6.232494304606308
96,0.050527928240740747,1.9992108401338513,100.44023433731863,148.7297512468849,0.780298691609238,-0.00446000000000001,0.5100837430677352,42.606184364060674,8.521236872812144
97,0.04871975694444444,2.0087534632664474,86.80721615651288,148.07965605596883,0.6451910732720112,-0.00442000000000001,0.4952549623886249,41.95135300327832,8.390270600655668
98,0.04499112268518519,2.0361432567022244,86.22109824150222,223.51132198475636,2.1673658357428405,-0.004800000000000011,1.29565028335219,48.77087847974663,9.754175695949337
99,0.04328173611111111,2.0913240460605507,234.64638005207274,277.12939197582955,5.856894327255691,-0.005640000000000013,1.0068344437532906,59.849863866199925,11.969972773240023
100,0.04307942129629629,1.8699025095283424,-217.9258032967686,-231.63437833410663,-7.905047675362509,-0.005240000000000012,7.190966109683039,55.66566649997222,11.133133299994473
101,0.044408611111111114,2.0461546967839204,161.90249348060112,245.82655117788133,2.8315880191333798,-0.0050400000000000115,0.6273053204175261,51.10032227593488,10.220064455186993
102,0.04574496527777778,2.0202770472911276,95.69735593290342,438.95985498282533,1.2718106621521397,-0.003960000000000009,0.6614575441128645,39.487942434850254,7.89758848697004
103,0.04752758101851852,1.9745431196924312,-104.14144574014122,-129.24596230868755,-1.4869764481697523,-0.0038400000000000088,1.3374410337038012,38.513196643885095,7.702639328777009
104,0.05131094907407407,1.9777109782502391,-46.90922817010057,-50.920056715981794,-0.42086319210523637,-0.0039200000000000085,0.7640084826960103,36.20350613991221,7.240701227982437
105,0.05002802083333334,1.9936407509994778,0.7787817507717205,1.1242501628126758,-0.21418570932457692,-0.004000000000000009,0.5862426758100114,38.91423570595099,7.782847141190197
106,0.05121988425925926,1.9952635051095255,33.19913601143404,41.01260353080268,-0.045267461818054855,-0.004880000000000011,0.2671927284888298,45.90045563149414,9.180091126298848
107,0.044968344907407407,1.9679341914796855,-101.90571767169365,-100.46543943714603,-1.5315205719399594,-0.004180000000000009,2.1760667751380636,41.452519864421845,8.290503972884363
108,0.0473002662037037,1.9795690144255047,-54.09038347275951,-93.17022547991054,-0.5729227442750395,-0.00448000000000001,0.8381386807590818,45.52639328777018,9.105278657554045
109,0.05394478009259259,1.9879073817924755,-102.37267843908512,-305.4719271915144,-1.0707631623679048,-0.00440000000000001,1.2097604861311395,37.2346780018892,7.446935600377846
110,0.04865420138888889,1.9885778761077582,-15.227383647586663,-22.490031806600875,0.07994362951692091,-0.005260000000000012,0.7007357161702754,50.193837861865866,10.0387675723732
111,0.0530858912037037,1.9855308303170578,109.8932029386145,228.69962204890294,-0.1944928696524073,-0.00444000000000001,0.3909489945585598,40.99549924987498,8.199099849975
112,0.05155549768518519,2.0065745283512006,25.952709005614096,33.16732561344283,0.25833212101424863,-0.0037800000000000086,0.6778351195845689,34.602294826915596,6.920458965383109
113,0.044427175925925926,1.991034849304755,-11.570893804205717,-24.32798187383509,-0.12561129216708267,-0.004960000000000011,0.6916388107078841,53.74837472912152,10.749674945824326
114,0.04348409722222222,1.9720018969697357,-7.627139707998149,-9.788107675883166,-0.4940092136337504,-0.00462000000000001,2.055338306158805,49.86731121853642,9.973462243707296
115,0.04354172453703704,1.92283845727476,-169.57157625817715,-246.7125485853254,-4.132333149245493,-0.005100000000000012,4.649282526182552,53.293826748902596,10.658765349780541
116,0.048761516203703704,2.010623035350458,56.64391714538421,134.8319921117788,0.869167605686405,-0.004240000000000009,0.6507083279054582,42.90731788631439,8.581463577262882
117,0.05089391203703704,2.0105684831235,36.92297552970262,114.62407805729451,0.3768577872262924,-0.00448000000000001,0.8896414733541858,41.610101683613934,8.322020336722796
118,0.048496435185185184,1.9906513916559443,47.76282447733753,101.6909544283307,0.008610706277301095,-0.004900000000000011,0.3014151539154186,46.63254986942268,9.326509973884553
119,0.04783893518518518,1.998847177570792,-56.767108428042064,-75.94275027839551,-0.3870122217399241,-0.00460000000000001,0.9874995677363052,44.34250152803245,8.868500305606497
120,0.053477546296296294,1.9843736945947914,-10.46664327640284,-12.132853924983454,-0.16163347359501312,-0.0039200000000000085,0.9102085184252262,35.56184364060677,7.11236872812135
121,0.053660763888888886,1.9788905604925413,-86.20232302947255,-105.93793855633916,-0.8085508973213806,-0.004180000000000009,1.238723767957417,36.208118019669946,7.241623603933988
122,0.04992761574074074,1.9772055587569262,-99.92036029536139,-103.58303335703177,-1.980342701486637,-0.00432000000000001,2.584575232168529,38.78993721175752,7.757987442351501
123,0.04562961805555556,1.9110631413244612,-132.5090309888019,-130.59872025185746,-3.542769672737489,-0.005520000000000013,3.9600675808206587,56.06742790465078,11.213485580930195
124,0.05002491898148148,2.00983427137384,84.3172782605841,139.4700752492293,1.0720242452669115,-0.0037800000000000086,0.3886896765563419,35.097405123076065,7.019481024615206
125,0.058324560185185184,1.973755133214482,-68.2631026156277,-96.2444402538326,-0.9186565849033546,-0.003520000000000008,1.5758065839258095,31.13296660554537,6.226593321109064
126,0.05941033564814815,2.0136576259314714,80.11649480477405,249.94958306628521,1.0557632428231045,-0.00446000000000001,0.6278515932915507,33.9904150691782,6.798083013835653
127,0.053504803240740736,1.997387745374815,-52.43030728513823,-76.74142281207475,-0.6571438945128238,-0.003900000000000009,1.0599000270806402,34.49191531921987,6.898383063843969
128,0.05367423611111111,1.9903638814441096,24.855343876858182,36.59551174892504,0.1795954150731638,-0.004040000000000009,0.8003279003164221,36.41106851141857,7.282213702283711
129,0.05229420138888889,1.9861806730486835,-83.8270569903072,-96.68628155422151,-0.541737907559392,-0.0025800000000000055,0.9811758694516337,23.491748624770796,4.698349724954149
130,0.0553856712962963,1.9850229382326574,-121.54512909465306,-127.672500782717,-1.1763751186208204,-0.004200000000000009,1.1085481932242458,33.86069900538979,6.772139801077954
131,0.05494934027777777,1.9920215317407477,55.141904468437716,122.48956121737648,0.247965370951575,-0.00442000000000001,0.42881678208126495,37.407706840028894,7.481541368005783
132,0.048432557870370374,1.9823480835736262,10.572137716912726,27.29250250923725,0.09716872024960743,-0.00444000000000001,1.6240171109954904,41.98955381452464,8.397910762904932
133,0.04585981481481481,1.9772899998624927,-45.066726127815286,-42.2177646948655,-1.1401865593597238,-0.004840000000000011,1.5735436497933075,50.34994721342446,10.069989442684912
134,0.04348896990740741,2.0227670265767976,-27.382113153225273,-35.001290923767094,0.05802703590058744,-0.005640000000000013,1.5625098217159739,57.897621825859865,11.57952436517201
135,0.04398099537037037,1.9890845250689488,39.85053213920088,57.642807263683046,0.6784449127451797,-0.005000000000000011,0.6921623294454116,53.34552981052398,10.669105962104819
136,0.04467261574074074,2.025165243832709,136.42518471002884,320.4524326841955,2.5663637998794453,-0.00458000000000001,0.735010829174465,46.601933655609265,9.320386731121861
137,0.047162812500000005,1.9987341066778295,-36.09229773526775,-51.105643369492405,-0.9261999400635545,-0.005080000000000012,0.9946551943070814,50.64399622159249,10.12879924431852
138,0.048454687499999996,2.0109405669963514,12.150833694566899,11.24270196857211,0.16268504853822474,-0.00442000000000001,1.1847244567788184,41.6313274434628,8.326265488692563
139,0.044310497685185184,1.9571916706258963,-97.75520942813664,-113.09603539894408,-0.9376404687691187,-0.005160000000000012,2.0357542016340435,52.34853031060732,10.469706062121483
140,0.05050138888888889,1.9751160413448459,-90.90384493578985,-124.30164482385818,-1.2487657932427232,-0.004240000000000009,1.8001238512248663,36.84339056509418,7.36867811301883
141,0.05468445601851852,1.9989131933275188,1.1376503653779702,1.2974413438954207,0.049356559896107655,-0.004080000000000009,0.5816047839333094,34.000305606489974,6.800061121297988
142,0.05444873842592593,1.9968437103502126,-7.726832753802303,-8.880608871133166,-0.30178934068783025,-0.005140000000000012,0.7963768437132757,45.523976218258596,9.104795243651745
143,0.06620305555555556,1.9664904265792962,-64.53854021034635,-99.58878629759981,-0.6791154689466006,-0.004940000000000011,1.230385959337943,35.863338334166805,7.1726676668333775
144,0.08707637731481482,2.003201612866957,-19.921295539466904,-34.288546293667046,-0.2191744403501117,-0.004040000000000009,0.4940808706003885,22.69800522309274,4.539601044618547
145,0.06601847222222222,1.9809831124692723,-73.00888177266168,-90.26011531081515,-0.7113707533419222,-0.00446000000000001,1.1005529005476467,31.306106573317773,6.261221314663558
146,0.06281769675925926,1.9793871515555475,-31.87908137763927,-34.08432407226914,-0.5226329323247736,-0.004200000000000009,1.2358645062275797,30.83502806023226,6.16700561204645
147,0.06824326388888889,1.9874536124570663,-20.275453291676225,-23.122366538415758,-0.38702140824593556,-0.0033800000000000076,0.9204768536393071,23.882147024504086,4.776429404900806
148,0.06091359953703704,1.9832685923241815,-66.95536403884026,-74.02877545705924,-1.1098075022602516,-0.0043000000000000095,1.4011474804183965,34.72953825637606,6.94590765127522
149,0.06240996527777777,1.9836643988983356,-54.78497257519046,-63.00644763659584,-0.45077690871324627,-0.003220000000000007,0.8246937712419466,24.77846307717953,4.955692615435895
150,0.05416726851851852,1.9579499692424391,-91.55846550655428,-106.54991951584836,-1.4333506197343193,-0.00450000000000001,2.5875343583122823,40.78690892926599,8.157381785853206
151,0.06235422453703703,2.0068479656403917,73.16400386094477,127.97566311856673,0.8710578702593175,-0.005100000000000012,0.5491051342077946,40.04750791798633,8.009501583597292
152,0.0681719212962963,2.002935828313824,-32.91189003592682,-79.02790565492629,-0.34161206412250955,-0.00446000000000001,0.5146102657678897,32.55659276546091,6.511318553092191
153,0.07583384259259258,1.976332055120353,-76.23452076148119,-82.88127702979301,-1.0943785357863889,-0.003940000000000009,1.208829114680754,24.837861865866532,4.967572373173304
154,0.08056435185185186,1.9866626547542743,-75.64793847384477,-115.07474718423823,-0.8167916481488513,-0.003520000000000008,1.6110068367331531,20.739484358504196,4.147896871700831
155,0.06336993055555556,1.9730271806400657,-51.9480460172763,-67.3553275882116,-0.5839786951356118,-0.0037600000000000086,1.1357942387210107,31.15491470800689,6.230982941601373
156,0.06705436342592593,1.9852676956752362,-30.678789623382844,-36.289634379914304,-0.5045245441639978,-0.00446000000000001,1.1150605516120904,31.994360171139636,6.3988720342279315
157,0.054586921296296304,2.042157695331367,167.0051246457513,405.0393513239951,3.9135159868510128,-0.004920000000000011,0.6123565841900769,42.02394843585042,8.404789687170098
158,0.045733032407407406,1.9952795495785618,-69.03080544318566,-73.63347774448302,-2.5851702317109315,-0.00434000000000001,3.811152214208735,44.39267655720398,8.8785353114408
159,0.05593850694444445,1.971652578606179,0.8941330100973378,0.7950516901903132,-0.06906821436045707,-0.00446000000000001,1.2640216987719666,39.17266766683336,7.834533533366681
160,0.06381569444444445,2.009330879892827,81.25686574579483,129.7327216369366,0.5349619127488214,-0.003860000000000009,0.33104213139076855,28.663693948991497,5.732738789798295
161,0.06942697916666667,1.9867729801552971,-41.8648845257608,-59.1506080049984,-0.3671386911581198,-0.00434000000000001,0.5765776611088236,30.140829027060065,6.0281658054120175
162,0.06808777777777777,1.983314680756296,-33.993326428884366,-56.05034053165732,-0.6469007490763956,-0.005480000000000013,0.655409580706634,41.81735844863033,8.363471689726099
163,0.05868350694444444,2.0067530120303596,76.28269292513846,143.03068842132157,0.47531836127256977,-0.0038000000000000087,0.4964989430209066,31.582680446741122,6.316536089348215
164,0.05095622685185185,2.0112608483409242,70.21400892777633,195.73422682090919,0.917811405051272,-0.00452000000000001,0.5195093289569241,44.60979607712397,8.921959215424804
165,0.05290201388888889,1.9851160927245886,54.99638171051081,133.29263559796294,-1.1416145130967004,-0.004880000000000011,0.70476372212811,45.489164860810135,9.09783297216205
166,0.05121506944444444,2.00610226064789,74.786636667322,223.00130889220767,1.0636091658359992,-0.0046400000000000104,0.5721324113099668,43.360421181308,8.672084236261613
167,0.05092373842592592,1.9734503602906948,-69.86670172504387,-100.3233499788517,-0.7231778819155377,-0.00446000000000001,1.2083642046658127,42.668083569483805,8.53361671389677
168,0.05615746527777778,1.998890818408061,-40.593309161248854,-61.78138246777552,-0.5187072478280319,-0.00458000000000001,0.9537572205152722,38.928599210979606,7.78571984219593
169,0.04934724537037037,1.9924573003869075,44.866153220425474,67.31054394844091,0.40727357926924057,-0.00462000000000001,0.9034558042760432,45.58081902539312,9.11616380507864
170,0.05254560185185185,2.00072421231507,37.94714239797398,80.3156010365475,0.4987778217720784,-0.004100000000000009,0.7049606815354936,36.83536144913041,7.36707228982608
171,0.04478253472222222,2.0698132530255053,231.66088116580454,794.6073527978135,3.414483790455991,-0.005920000000000014,0.29322485608067606,60.60796243818414,12.121592487636876
172,0.049156192129629635,1.9632917511291375,-105.03784608268823,-122.15946535115974,-2.3799628227443193,-0.0046600000000000105,2.922650948918426,43.79299327665722,8.758598655331454
173,0.05251356481481481,1.980436764196401,-8.641387828151915,-11.558271046722764,-0.19573125533279834,-0.005120000000000012,0.8604736805419178,47.698699783297215,9.53973995665947
174,0.05253444444444444,2.003435968186548,47.92733725133394,107.48059148429557,0.8463371523927288,-0.004900000000000011,0.5871790344481043,43.94674112352059,8.789348224704138
175,0.04883824074074074,1.9632438094622362,-87.7155065458635,-79.22596069665218,-2.0635575214406066,-0.00454000000000001,1.7365212898450055,43.30013335555926,8.66002667111186
176,0.052595393518518524,1.984992058528071,-60.11277683372921,-92.16802343530034,-0.2725037729085611,-0.00440000000000001,1.2687140352949489,41.32849919431016,8.265699838862044
177,0.05190003472222222,1.9825688333493554,-44.41537718180663,-56.11318903097353,-0.541006211486561,-0.005080000000000012,0.8540642276279375,45.3064677446241,9.061293548924839
178,0.05612333333333333,2.0018074997260342,101.09941450952364,127.48331194409387,0.42800459889724696,-0.003540000000000008,0.3904664468934227,29.193893426682227,5.838778685336433
179,0.057147013888888896,1.981892724070557,-120.61140640056074,-191.43173340439927,-0.8923821446096603,-0.0038400000000000088,1.0977771489845356,32.81555259209868,6.563110518419732
180,0.05495295138888889,1.9792894439018653,-103.17934687273721,-125.06077148065602,-0.9547064384503812,-0.005160000000000012,1.1507075196897087,45.465327554592434,9.093065510918517
181,0.052638715277777776,1.9852469920111275,-75.75498050272583,-94.65725390501626,-0.6449186310803823,-0.00458000000000001,0.84200267052571,40.77899094293493,8.155798188586996
182,0.04742453703703703,1.9239984944245427,-184.81846235572215,-213.19716835280516,-4.031907193140915,-0.005140000000000012,4.031907193140915,50.089653831194084,10.017930766238843
183,0.04390862268518519,1.972153995994026,-25.822866219728706,-28.94183231653354,-0.35075581293440017,-0.004920000000000011,1.63470470024214,50.79124298494194,10.1582485969884
184,0.046166574074074075,1.973052216873883,-134.70140838680652,-151.4720680194039,-1.4054409938797807,-0.004740000000000011,1.4164781148555239,48.480635661499136,9.696127132299843
185,0.044700833333333335,1.9740731982241464,-77.44044457882903,-116.61888542307473,-1.5445700319828393,-0.006120000000000014,2.224534500646591,64.22417625159748,12.844835250319555
186,0.04673334490740741,1.9867001912136746,16.652336896811644,23.518563853976524,0.24974883905092282,-0.005020000000000011,0.4177647545609675,49.61865866533311,9.923731733066642
187,0.04534896990740741,2.019180029428595,158.81080265776535,1198.6719372724547,1.5995129245359396,-0.004760000000000011,0.20645073664026237,48.95829860532311,9.791659721064637
188,0.04485113425925926,1.9678321469519207,-123.8095927411486,-255.4415299857095,-1.5715123945073683,-0.003960000000000009,2.7126204002194787,42.664249597155084,8.53284991943101
189,0.04650096064814815,1.988429609863816,-56.53354417552435,-82.02668568171747,-0.5041789756041637,-0.003520000000000008,1.2706358067366863,35.269628271378565,7.053925654275697
190,0.045743738425925926,1.9819528598961684,-77.10520191297451,-121.83669214997998,-0.4991713252073482,-0.00448000000000001,1.2332967902503156,44.225343112741015,8.845068622548206
191,0.0461928125,1.916243538546625,-127.23506844521097,-113.36364511413409,-4.774678944417765,-0.00434000000000001,5.311140397352132,40.75006945602045,8.150013891204086
192,0.04519450231481481,1.9629245178658519,-170.85506695472253,-220.35251400229353,-1.544552043551417,-0.004080000000000009,1.7897643884064451,41.09501583597266,8.219003167194524
193,0.04658920138888888,2.0156612953485173,154.17346528827645,675.9197523922023,1.4781553386832513,-0.004740000000000011,0.28187950273235174,46.751958659776626,9.35039173195534
194,0.05005186342592592,1.9823916427889852,-21.44198515059848,-35.49299083747742,-0.36366583687151843,-0.0036800000000000084,0.6207230201243252,32.61349113741179,6.522698227482345
195,0.044727743055555554,2.017988697437262,20.85005989485531,41.56138758360259,0.6328567770774507,-0.00448000000000001,0.46796132688586844,47.90426182141468,9.580852364282945
196,0.04737637731481482,1.99649118282729,38.79716279746429,82.09745699934642,0.526212621874278,-0.0039200000000000085,0.6695300321822417,39.48849808301384,7.89769961660276
197,0.04949346064814814,1.997944923306524,0.9757082306521371,3.0484419398349014,-0.04107087215690086,-0.003960000000000009,0.9470079193639069,38.21448019114297,7.642896038228586
198,0.049306053240740735,1.9958482034723897,-130.48576028017374,-150.97434965272998,-0.5886115594911367,-0.0036600000000000083,0.8734217482280981,36.226537756292714,7.2453075512585325
199,0.052336041666666666,1.978729236972814,-17.50301488663285,-23.99318003032429,-0.2763118311751911,-0.004960000000000011,0.9950519404637981,45.177640717897425,9.035528143579509
200,0.05418518518518519,1.9926938351622887,-101.27367713601996,-129.71461933229764,-0.9161666569588611,-0.0038000000000000087,1.2338567428013314,34.94910262821581,6.989820525643158
201,0.05053898148148148,1.9824409944186803,-9.812078196025642,-10.283440433337766,-0.17073195965848775,-0.0032600000000000072,0.636934091191077,28.662888259154304,5.732577651830848
202,0.049106192129629626,2.01640221505857,63.21830536510336,149.50403484300787,0.8136649703933463,-0.0039200000000000085,0.4970073467802205,36.32788798133022,7.265577596266033
203,0.04832789351851852,1.9780849004672787,-75.62884103362738,-157.8346208364585,-0.6729471245596197,-0.00450000000000001,1.1757100124779374,42.81377451797522,8.562754903595048
204,0.05234706018518519,1.9909679798427766,-52.30096249851801,-113.3320656105227,-0.35339781013234983,-0.004920000000000011,0.6653720787230366,44.49210979607712,8.898421959215442
205,0.05202341435185186,1.986453752081917,-15.421599049802937,-26.392030282649763,-0.1571877468358407,-0.003900000000000009,0.6485365537028831,37.78835361449131,7.5576707228982585
206,0.050383020833333333,2.0002990616962544,18.059697071723452,27.445495398354765,0.16631781104168297,-0.0037800000000000086,0.5320485793704699,36.442018114130136,7.288403622826018
207,0.04446238425925926,2.0136433954964366,33.18604660327798,76.81500247945246,0.6190302761957645,-0.004740000000000011,0.7561487236031783,47.63316108240262,9.52663221648053
208,0.04417652777777777,1.9892927300272572,6.524264511136868,12.54424248420238,-0.05162078170113382,-0.003960000000000009,0.6554781641836982,43.179557704061786,8.635911540812353
209,0.045412175925925925,1.9999669390885615,6.036493037634098,9.390780597543218,0.05712847929952858,-0.004020000000000009,0.8956474812729098,40.47485692059788,8.094971384119566
210,0.04705503472222222,1.998653511674455,5.99745939815654,8.183516165654165,0.11501788636801846,-0.0037600000000000086,1.4133703882879933,37.239067622381505,7.44781352447629
211,0.0514084837962963,1.9883067324510426,-70.14091068446093,-139.43263335442865,-0.39715241720627015,-0.004240000000000009,0.7587057956050636,39.85128076901706,7.970256153803415
212,0.05079709490740741,2.0042465279825254,60.39127651614893,106.77048265065193,0.6251233178014015,-0.0050400000000000115,0.8366823794131673,44.724981941434685,8.944996388286954
213,0.048931412037037034,1.9679913435412064,-113.02482469302805,-173.305882854413,-1.4078105085781223,-0.004020000000000009,1.758638200431606,38.148052453186644,7.629610490637322
214,0.04754503472222222,1.9521117085281743,-99.53799424297188,-107.063805147319,-2.7783330677008222,-0.004140000000000009,2.371820400377267,43.598460854586875,8.719692170917376
215,0.048796643518518514,1.9828812381761178,-49.71934387104532,-64.45283977662315,-0.46748460625405386,-0.0043000000000000095,1.5342236545974663,44.65985997666278,8.931971995332562
216,0.05276569444444445,1.982135367977235,-0.4458513957213838,-0.7838233515138548,-0.07557920407985641,-0.00444000000000001,0.8748668100133861,40.116047118964275,8.023209423792862
217,0.05409525462962963,2.0032241131097126,14.00554220831522,29.769433637955892,0.12488489516051526,-0.00444000000000001,0.8087726672992068,39.1455798188587,7.8291159637717485
218,0.056868125,1.9825887737020798,-140.95873045757546,-329.46012109741525,-1.144897135600531,-0.0034200000000000077,1.224634358394061,27.700588987053397,5.540117797410668
219,0.06157517361111112,1.994714240071117,62.26859534031292,142.9593665554547,0.3161063936058417,-0.0043000000000000095,0.37974419636022105,34.18089125965439,6.836178251930884
220,0.06100049768518519,1.9926135205963884,-19.269025542881703,-20.779462520328448,-0.26031438621800795,-0.0033800000000000076,0.5522345530657669,26.752847696838362,5.35056953936766
221,0.050519537037037036,1.9777256258542708,-9.6027088515352,-15.149836450821857,-0.7229949641744171,-0.0043000000000000095,1.1213768973111327,39.599683280546756,7.919936656109353
222,0.04878803240740741,1.9767028632911154,-113.91286813254294,-258.81359121518983,-1.0331640987404356,-0.003200000000000007,1.5864806683753674,32.00636217147302,6.401272434294589
223,0.0494465625,1.9969907672348712,-15.828061043346723,-40.321061024510655,-0.09433928335746966,-0.004000000000000009,0.35480455612837414,31.23642829360449,6.247285658720886
224,0.05243755787037037,1.9985721826776688,66.66045427880722,138.81139348473937,0.4238504994047987,-0.004140000000000009,0.3657071141805357,39.92362615991554,7.98472523198311
225,0.05036319444444445,2.0069832980493594,57.93962136972787,151.0728544406325,0.4862475056327975,-0.0046600000000000105,0.27328796978838277,41.73495582597099,8.346991165194204
226,0.04918577546296296,1.996482796832693,9.014250263451336,17.09114900373758,-0.013766071404464064,-0.004940000000000011,0.9040228363953795,46.06745568705895,9.213491137411811
227,0.047745474537037036,1.9870237109560485,-71.53344016548064,-79.54068684083097,-0.6786568354743006,-0.0037200000000000085,1.0614760286828728,35.84247374562427,7.168494749124841
228,0.045186354166666665,1.9918517867424135,5.74317008559678,10.468661074451676,0.17543961304735678,-0.004100000000000009,1.123974751074841,41.15755403678391,8.231510807356775
229,0.04675491898148148,1.9851285734923105,-94.62247467408427,-144.63557876343995,-0.9427459342127187,-0.00440000000000001,0.774896400733871,44.33180530088348,8.866361060176702
230,0.04715790509259259,1.980669722991305,-55.1395850379569,-143.0474535594629,-0.5794675647000647,-0.0039200000000000085,1.175922827228626,38.38967605712063,7.677935211424118
231,0.04620950231481482,2.0072563849988097,-16.28317428906547,-27.43635048733794,-0.3725827595332465,-0.003860000000000009,1.3144441105335636,36.78802022559316,7.357604045118619
232,0.042338680555555556,2.0843746859779944,133.38730900999397,339.26323487776926,6.447042469471231,-0.006280000000000015,1.8474570701747073,71.00886258820914,14.201772517641897
233,0.043093738425925926,2.02984002970335,99.05116934232294,206.32770276736198,1.4690487150543108,-0.005300000000000012,0.7152116769712391,56.072873256653885,11.214574651330803
234,0.044876851851851855,2.0084100778014404,7.260522286263112,17.931696788928623,0.37677182143189825,-0.005300000000000012,1.0287377381114737,52.70264488525866,10.540528977051757
235,0.04613451388888889,1.9808763081301861,-64.02022375452488,-103.23461278103181,-0.6804784192740998,-0.00458000000000001,1.585589278224353,46.008306940045564,9.201661388009121
236,0.0462940625,2.0032378773940445,-8.60412581171405,-11.40368020740559,-0.13766067298750517,-0.004200000000000009,1.0628067546787912,41.52800466744458,8.305600933488913
237,0.044422199074074076,2.0709991153770275,71.84183750047976,312.092438052218,3.558113276615349,-0.005540000000000013,1.5729046731276508,59.986303272767685,11.997260654553576
238,0.04692476851851852,1.9633266059226595,-159.5967207410382,-275.1527722074975,-1.7860041009637562,-0.0037600000000000086,1.3412228016438044,38.79863310551759,7.759726621103509
239,0.04956472222222222,1.9967786058384138,102.75402534969106,188.11364580917163,0.6335649702524648,-0.004220000000000009,0.236026371972764,40.64219036506084,8.12843807301217
240,0.05061870370370371,1.9929459080783194,-29.971492920105856,-46.458503985449354,-0.2994481270853111,-0.004160000000000009,0.5827376841566534,39.62810468411402,7.925620936822804
241,0.05191671296296296,1.9825254608597165,-80.6570325102908,-127.89273660064977,-0.8061863861469787,-0.004020000000000009,1.4317488719858606,35.823553925654274,7.164710785130851
242,0.050071053240740744,1.9860584145296947,4.820351280961707,6.572717681841167,-0.08092070845264754,-0.00438000000000001,0.47285913361679865,41.44310162804912,8.288620325609829
243,0.04953506944444444,1.988460324848153,-47.49907418569816,-59.459987075930194,-0.4013377251906536,-0.004080000000000009,0.9184592882971465,39.68150247263433,7.936300494526864
244,0.050221481481481485,2.0007417062083155,152.39798900141352,220.4207655408636,0.44110705525621796,-0.00454000000000001,0.19368372940272716,42.92559871089626,8.58511974217926
245,0.05134299768518518,1.9934604029700675,-39.252433094133366,-62.37192115303649,-0.23805761772411893,-0.0046800000000000105,0.8526372702285845,41.793798966494414,8.358759793298894
246,0.05125423611111111,2.000468384754459,-5.919618053251628,-11.079367619639234,0.0508625075818836,-0.0037400000000000085,0.3570997852533342,32.36397732955493,6.4727954659109725
247,0.04749076388888889,1.9942305679961825,16.71072968033496,35.626774688294056,0.1920660300457122,-0.004060000000000009,0.7274746189544712,40.51669722731566,8.103339445463128
248,0.045512743055555555,2.0103584175541185,80.69849054781585,175.27290055077793,0.7663475517288187,-0.00460000000000001,0.6784613464507427,46.587236761682504,9.317447352336512
249,0.042632662037037035,1.9377136870280562,-81.78182392448072,-109.54100809771303,-2.472266550607627,-0.005620000000000013,4.075454726498173,61.49222092570984,12.29844418514201
250,0.04367939814814815,2.0197018587350812,7.004236111418274,12.292807410766661,0.15954829337680998,-0.004840000000000011,1.237520040464779,51.792243151636384,10.358448630327295
251,0.0471182175925926,1.9843151969136037,9.28882534569305,18.71459223238767,0.2472093515510254,-0.003620000000000008,0.7726069394018764,36.631077401789184,7.326215480357826
252,0.04458369212962963,2.057583562769062,71.65177901748422,131.76258149914486,2.445436016991054,-0.00440000000000001,1.410540378857994,45.74768016891704,9.149536033783411
253,0.04310650462962963,1.909915811432544,-212.79533481360525,-315.2508555425676,-3.801032413958838,-0.005140000000000012,4.735923065929393,55.02869922764905,11.005739845529837
254,0.04454613425925926,1.9946152231705678,-18.113140799448253,-28.74268333535374,-0.0030589643652767506,-0.003540000000000008,0.765820801343553,37.49486025448686,7.498972050897358
255,0.043649432870370375,1.9493481805832784,-173.5175775612605,-172.17822256887953,-5.750935587019068,-0.004980000000000011,6.029828689593586,52.40137245096405,10.48027449019283
256,0.045163252314814814,1.9662468396144825,101.55004085553725,125.37806946872104,1.8489245030103185,-0.00434000000000001,0.4920628503194413,45.45827082291493,9.091654164582991
257,0.046952395833333334,1.969938113325806,-86.2136375692754,-155.05684696430515,-1.285482894948331,-0.0046600000000000105,1.5850726279870386,45.698005223092736,9.139601044618558
258,0.04654739583333334,1.9871344306695469,-53.084806357290525,-72.14049008013895,-0.7173662957577376,-0.005020000000000011,1.2770668763442128,52.0193087736845,10.403861754736928
259,0.049240879629629634,1.9808980569821524,-73.04097983166118,-88.9398671793925,-1.1511383718598722,-0.004240000000000009,1.79555870464696,41.348558093015505,8.269711618603106
260,0.046887546296296295,1.960694527246457,-68.3447506554553,-84.05382607230123,-0.7290507591997897,-0.00446000000000001,1.578091353699973,44.4429904984164,8.888598099683286
261,0.050443310185185185,2.009883505148546,1.6985194662017455,2.0320053790767254,0.08536331290023291,-0.003500000000000008,0.377031242719017,34.54578540867922,6.909157081735832
262,0.054258229166666665,1.9929485138821876,46.15253854148875,39.335699025311726,0.1732128060147775,-0.005600000000000013,0.45155714978505346,47.159526587764624,9.431905317552955
263,0.0509938425925926,1.9925720346750249,17.596032686675414,27.389516250357808,0.1586376251597077,-0.0058000000000000135,0.5643465800919234,55.654497971884204,11.13089959437689
264,0.04582089120370371,1.9726406837387298,-121.49992851624295,-155.02107735113694,-1.4798481925203388,-0.00440000000000001,1.4443617546736065,44.319914430182806,8.863982886036567
265,0.049769756944444445,2.0026680663708256,85.83489617480619,70.3327162616344,0.56532271831371,-0.0037600000000000086,0.27577325060734736,37.81838639773296,7.563677279546586
266,0.050771874999999994,1.9909014982673914,-23.61122083089711,-31.67416864442438,-0.2741991779963704,-0.004040000000000009,0.9941504523904965,36.904511863088295,7.38090237261765
267,0.04839623842592593,2.0076935766032165,119.17830177628268,408.01086219302795,0.7751293455268371,-0.004820000000000011,0.22331300561255762,46.194893593376676,9.238978718675352
268,0.04677648148148148,1.997666820109016,5.804176785534206,12.201954131032675,-0.15528476535540126,-0.0039200000000000085,0.4290040798773376,38.64855253653387,7.729710507306765
269,0.04404892361111112,1.9483237965621205,-125.15012460033637,-160.356021399474,-2.3725832955706405,-0.006060000000000014,2.719239916663907,65.17027837972995,13.034055675946046
270,0.04366818287037037,2.0437053447552094,130.16348196056754,372.94077487656193,2.9515547781424956,-0.005960000000000014,1.0893912813406015,66.47944101794744,13.295888203589545
271,0.0441632175925926,2.0086128977994395,-16.76648497178746,-28.614888229582736,0.26706094291146787,-0.004900000000000011,1.3633597335352299,52.797049508251376,10.559409901650296
272,0.04434409722222222,1.9798455056693889,-50.230440066514085,-61.75031641196411,-0.4221447185083105,-0.00456000000000001,1.97772781040777,49.73137189531589,9.94627437906319
273,0.04401241898148148,1.9799648831601637,-82.05818975414344,-112.24891068489542,-1.3562175464422732,-0.004820000000000011,2.329514079002726,52.596543868422515,10.519308773684525
274,0.04443415509259259,1.9932478588708438,-4.4376497800662555,-8.382738162966174,-0.15272315282812698,-0.00452000000000001,0.885271533563392,47.95863199422126,9.591726398844262
275,0.044306493055555556,1.9864983953517141,-41.8322139902789,-62.54533415842563,-0.18414164605549121,-0.004840000000000011,1.5784805258547752,51.53239428793688,10.306478857587393
276,0.04930275462962963,1.996327410025606,-48.26971774347649,-65.12443911819156,-0.011060663208128929,-0.0046400000000000104,0.4648809534859244,41.24793021059065,8.249586042118134
277,0.05010997685185185,2.003213004095416,153.05741321065315,442.47116774507174,0.9245553349059521,-0.003620000000000008,0.24144039144636809,34.5840417847419,6.9168083569483665
278,0.04921914351851851,1.9882780305307404,-106.6093230038189,-114.24478036495255,-1.091231831503825,-0.005220000000000012,0.8625358029104357,47.454270156137135,9.490854031227448
279,0.051964467592592586,1.9828362941950992,-27.40016259299808,-48.83385122108553,-0.4117507544470378,-0.0038200000000000087,0.5299469009917401,33.76004334055676,6.752008668111342
280,0.06001805555555556,1.9759167704212977,-66.68515408956549,-126.81176622495164,-0.8808356263175332,-0.0037200000000000085,1.5185958134723898,30.665805412013114,6.133161082402617
281,0.06132880787037037,1.988099266246238,-126.37326964815331,-181.3733717242515,-0.6323525031003974,-0.00436000000000001,0.8057931058631618,30.839056509418235,6.167811301883644
282,0.061090416666666675,1.980313396850038,-58.48702301136037,-56.201449249823845,-0.6741550889539094,-0.005240000000000012,1.1210452793123604,41.58768128021337,8.317536256042706
283,0.062281805555555556,2.0031234882653486,45.053016122297485,109.51474337317568,0.32165183413388476,-0.003220000000000007,0.2945036276685187,24.395093626715564,4.879018725343101
284,0.06141841435185186,1.9943646316365726,-24.7567329075519,-51.847924109673066,-0.1275243786373892,-0.004860000000000011,0.5234302413960501,36.23120520086681,7.2462410401733734
285,0.06489432870370371,1.997412733150452,68.6131026980609,171.4836002974872,0.5846262749228615,-0.003220000000000007,0.2996638472029356,23.106878924265157,4.6213757848530195
286,0.0642541087962963,2.0015014376357234,-65.73835498591906,-84.13999323047022,-0.42866536363810326,-0.00438000000000001,0.5610166912305425,32.648246930043896,6.529649386008787
287,0.05717861111111111,2.014064878661853,98.50166887133008,187.80615603640308,1.624650631930491,-0.00458000000000001,0.485976366227725,37.27321220203367,7.454642440406745
288,0.04795476851851852,2.002375546035368,-62.45819689022858,-215.8009991694902,-0.8157942849970512,-0.004200000000000009,2.3773665747373385,43.150830694004554,8.630166138800915
289,0.05340743055555556,1.975653436819632,-10.937994962736589,-21.182130368421888,-0.5205439774197296,-0.0043000000000000095,0.7281621730356291,37.53803411679724,7.507606823359455
290,0.054659594907407405,1.9908281064145361,-3.190347752299944,-4.8452564895394445,-0.07663329137823638,-0.0032600000000000072,0.9795719005274428,28.683141634716897,5.736628326943365
291,0.051272407407407405,1.9988357223611657,1.571454603618129,1.9219795254916174,0.2384243133388142,-0.0038400000000000088,0.7712616405782802,34.22753792298717,6.845507584597422
292,0.05482979166666666,1.9756955246295684,-141.0234700708823,-230.6517057334552,-1.3210454900138724,-0.004740000000000011,1.2467668147175925,38.99461021281325,7.798922042562657
293,0.05926652777777777,1.9969726738926747,32.217452989578625,66.61806422390681,0.37771418130221335,-0.005180000000000012,0.48559126150232723,43.20145024170695,8.640290048341418
294,0.06464759259259259,1.9927174999980244,0.31522151550254485,0.5407117645747409,-0.004876405528564387,-0.005140000000000012,0.4051408076994445,38.166333277768516,7.6332666555537205
295,0.052610162037037035,1.9753776598702821,-106.90046332053221,-158.9773655128836,-2.3633492557880276,-0.00452000000000001,3.3110872742316833,39.65847085625382,7.931694171250771
296,0.04976109953703704,1.9746963526313415,-38.89738359574784,-60.45221716092359,-0.41843474938944025,-0.004820000000000011,1.3641825231241245,45.314774684669665,9.06295493693395
297,0.058521296296296293,1.997587134392579,70.33797954583537,110.20837441246552,0.8465067901652468,-0.0043000000000000095,0.5006468397689812,31.54072901039062,6.308145802078121
298,0.061280115740740736,1.9776281089088168,-85.72880638084075,-180.98230695296627,-0.9608225526531622,-0.004200000000000009,1.1230097202959533,32.61663054953603,6.523326109907205
299,0.06254152777777777,2.001264528538902,54.27611073223151,85.06610849643398,0.2909629682046777,-0.005200000000000012,0.20001899269433965,41.6967272323165,8.339345446463332
300,0.06238987268518518,1.998024148001221,34.13761108832426,46.638393480108235,0.26255797162786365,-0.004060000000000009,0.485493979224616,31.772434294604658,6.354486858920932
301,0.06573637731481481,1.9958309842866722,-19.41415264106389,-39.90285819974682,-0.24290765576626683,-0.0050400000000000115,0.7638010181970634,37.058593098849805,7.411718619769982
302,0.05923715277777778,1.987582734028855,-71.89884478555595,-84.59241472569445,-0.4746540795693255,-0.003960000000000009,0.981316665594556,30.04434072345391,6.008868144690774
303,0.06516561342592593,1.9937135886483845,-4.984332714395117,-7.897490935696828,-0.045436449793911926,-0.00456000000000001,0.4895545396514156,34.40870700672334,6.88174140134468
304,0.055805486111111115,1.977273293732844,-133.94930633139376,-278.2464128049433,-1.1430695175547179,-0.004720000000000011,1.153270144397145,41.124993054397954,8.224998610879606
305,0.04527228009259259,1.9588090676381593,-66.51899463365548,-67.77828324685204,-1.2964612353139282,-0.005280000000000012,2.3196988917998262,53.52994943601711,10.70598988720345
306,0.04942421296296297,1.9970456574297195,8.412280367783332,15.785376649715815,-0.0783002127737964,-0.0043000000000000095,0.45263148331834424,40.50739012057565,8.10147802411513
307,0.05041119212962963,1.9711747802456765,-106.66760326067242,-156.42529930811727,-1.451583067989759,-0.005260000000000012,1.6921043718522655,50.946880035561485,10.189376007112331
308,0.048229953703703705,1.9677629841960491,-66.5961522025431,-108.00727419257741,-1.1899488546515347,-0.0036800000000000084,1.7411981906271468,33.002222592654334,6.600444518530854
309,0.0453321875,1.945874894745188,-196.81766438959465,-237.22062034247287,-2.6382279510501983,-0.0046600000000000105,2.981506291231917,50.73184419625493,10.146368839251002
310,0.047674780092592586,1.9811408890112392,-18.854937167721804,-23.09843595989196,-0.41152300089508653,-0.0046800000000000105,0.9671457796470606,44.24206812246486,8.848413624492979
311,0.05135819444444444,1.9953815951683609,-45.224812600079815,-73.0050900300609,-0.33082631283608555,-0.004720000000000011,0.8630616251626422,44.49210979607712,8.898421959215442
312,0.05489153935185185,1.9986338675225084,71.38085661345904,183.83032833086315,0.5788711947920522,-0.0043000000000000095,0.4335858082625599,39.05464799688837,7.810929599377683
313,0.0470669212962963,2.008643593154842,11.816637203952087,34.43333343407832,0.2605084304724725,-0.004160000000000009,1.2121779197219018,39.916430516197146,7.983286103239425
314,0.04928236111111111,1.992674881095312,41.20225297344938,57.859248974078966,0.4375788666389546,-0.00438000000000001,0.6253577351582051,40.39881646941157,8.079763293882314
315,0.051639930555555554,1.9894763140475473,-72.11023785758823,-132.71341325934193,-0.7073775210821531,-0.004940000000000011,1.3709614351832156,46.122131466355505,9.224426293271126
316,0.051642847222222225,1.9661109563034904,-155.50209762451433,-172.72612123468184,-1.8080622031636961,-0.0058200000000000135,1.9499228007141434,52.28743679502139,10.457487359004322
317,0.04871723379629629,1.987280839071809,83.19136558212104,115.12803001810104,0.1405056043348285,-0.0043000000000000095,0.28985240958223635,37.21125743179419,7.442251486358832
318,0.051761875,1.9891125228885407,-118.33924409076869,-180.70619913461425,-0.8259248648504025,-0.004240000000000009,1.0568943085149884,37.91279102072568,7.582558204145134
319,0.04509586805555556,1.9817109543342721,16.01619012127945,17.33513855520834,0.13251397950378996,-0.004780000000000011,0.7731086617349336,49.26729454909152,9.853458909818318
320,0.04898362268518519,2.0120916172787364,66.16594208107692,197.8168964900208,0.704026303976768,-0.0039200000000000085,0.431223925205404,38.932155359226535,7.786431071845304
321,0.048737638888888886,2.000639852390121,17.469443102508897,27.42048090097045,0.037658187542422006,-0.0037000000000000084,0.8116945491407734,36.783963993999,7.356792798799791
322,0.050460104166666665,1.989336244838286,-77.45941703642256,-113.89955977130317,-0.8332574406600846,-0.0033800000000000076,0.6952930184993655,33.94790798466411,6.789581596932809
323,0.0496884837962963,1.9841681761281404,-66.04125514555668,-178.0530086732527,-0.66278148728105,-0.003580000000000008,1.159116037973662,31.952881035728176,6.390576207145623
324,0.04640490740740741,1.9916643312031508,-12.23881448709239,-27.561651505223335,-0.20078762669792916,-0.004240000000000009,0.6952966554706119,40.657192865477576,8.131438573095512
325,0.04768123842592592,2.0027439376828404,69.88706530965064,152.3871542476093,0.6668443680465708,-0.00440000000000001,0.29143684734995734,43.01277990776241,8.602555981552484
326,0.046865381944444444,1.9763663097080113,-42.25468404422001,-89.58611534315556,-0.559877249126739,-0.005020000000000011,1.2543837158711657,48.51194643551703,9.702389287103426
327,0.0434028125,1.971662237427325,-110.22934375890827,-128.14133428817522,-1.574663968912171,-0.005300000000000012,1.8036580163278138,57.38645329777185,11.477290659554402
328,0.043054421296296295,2.065403662064313,96.36358956899781,244.70222771395572,2.594896740377195,-0.005120000000000012,1.692669249925638,56.09954436850586,11.2199088737012
329,0.04501273148148148,1.9787721848037276,43.46890175682971,71.67260475538359,0.17481456920938054,-0.00460000000000001,0.5948367148779443,47.82816580541201,9.565633161082413
330,0.046704004629629634,1.9837182949598369,-29.97892058603725,-30.240623863986002,-0.40944711381287746,-0.005160000000000012,0.9573981628978712,51.157609601600264,10.23152192032008
331,0.04675284722222222,1.99987096262528,5.533394587462053,10.810693625070183,0.20941855587837122,-0.00440000000000001,1.2366744260261964,43.83491693059955,8.766983386119913
332,0.04792050925925926,1.9915764069686448,-76.13811721261607,-192.03259907366183,-0.5695558994043171,-0.003980000000000009,0.7621996506116058,38.94176807245652,7.788353614491298
333,0.05032407407407408,1.9676042644163099,-160.60909200145997,-178.08831061549412,-1.5511716696934408,-0.0037600000000000086,1.7963831039868094,34.963938434183476,6.992787686836684
334,0.04826510416666666,1.9338821869871403,-172.51544512910715,-164.88987793888617,-2.918182237824807,-0.004700000000000011,3.139451741601873,46.122020336722784,9.224404067344572
335,0.046635937499999995,2.00249094499526,81.95857248271672,125.4934830225743,0.7068385091970164,-0.003980000000000009,0.46092692766563914,41.34389064844141,8.268778129688277
336,0.04976609953703704,2.0064665425270274,80.89918048839623,267.1204358025836,0.5458797639892321,-0.004720000000000011,0.20895983839470667,45.72414846918931,9.14482969383788
337,0.05069357638888889,1.99403810879271,12.785598331592524,19.5327704295203,0.1336908135964432,-0.0033200000000000074,0.49753755819926804,31.268628104684115,6.253725620936809
338,0.04956550925925926,2.00813275349396,55.69456165532727,79.15768289277888,0.2879051931713006,-0.004040000000000009,0.37238692633865256,39.94554647996888,7.989109295993777
339,0.05167633101851852,1.9897190004096394,-37.0711493393555,-40.85854655339391,-0.4070689852937459,-0.0054400000000000125,0.6659934593824524,50.138661999222094,10.02773239984445
340,0.05214373842592593,1.9979098174445653,-50.560003531698854,-49.67184683991337,-0.15336486616936984,-0.004740000000000011,0.7128285205849849,45.846557759626606,9.169311551925345
341,0.05260701388888889,1.978773338904089,-131.66831107704616,-197.9683557687009,-0.7016045131766013,-0.00442000000000001,0.8542298405226134,36.67919653275546,7.3358393065510885
342,0.05050355324074074,1.9922978348668234,37.34388432908339,82.86857386149131,0.5328420281663804,-0.0043000000000000095,0.49773307470935,42.16947268989276,8.433894537978562
343,0.04724972222222223,2.0131005335790144,56.13619725692997,97.36847246175198,0.72269044589377,-0.004200000000000009,0.44706909817822105,39.00591765294216,7.801183530588425
344,0.050521145833333336,1.9929100127553114,-39.75807634321092,-93.75108751488919,-0.14182476171222813,-0.005760000000000013,0.5767530642436847,52.16011001833639,10.432022003667319
345,0.0514490162037037,1.9841381638967017,-56.64051876188143,-83.47566259571069,-0.7855212289807789,-0.005240000000000012,0.5997996284518248,47.81257987442351,9.562515974884727
346,0.05026149305555555,1.9839881513026465,-50.72403473416949,-74.36881333295646,-0.43832182030834055,-0.0038400000000000088,1.1259801471794395,35.68125243096072,7.1362504861921305
347,0.04659063657407408,1.9952485351521125,-44.076954655356644,-62.76173842604674,-0.39280384331311646,-0.0038400000000000088,0.6266771979006491,40.2083124965272,8.041662499305433
348,0.0469437037037037,1.9794483536831018,-41.56023405245318,-51.94137402236212,-0.41358069873987935,-0.005400000000000012,0.8135088170153293,53.91895871534145,10.783791743068319
349,0.04698707175925926,2.0128440092210527,27.034305800767694,67.95134928161119,0.4277904803753785,-0.005000000000000011,0.621492043913241,51.02628215813747,10.205256431627516
350,0.043003958333333335,2.042639729244213,87.42438584312667,279.97726776506533,2.5235318036788246,-0.004920000000000011,1.6749356683833705,51.19336556092682,10.238673112185376
351,0.04248034722222222,1.96885973394009,5.121628916132068,5.201193336217887,-0.9125210213972279,-0.005480000000000013,2.2572081986166115,60.94587986886703,12.189175973773446
352,0.044390821759259264,2.002617993816602,26.89746661528759,58.42888659029669,0.47574774935419395,-0.004820000000000011,0.8591832028570612,50.16227704617436,10.03245540923489
353,0.04579851851851852,2.0202680948346297,19.79706840187818,48.23599745215042,0.7697006655225325,-0.004140000000000009,0.5279634607593398,42.2922153692282,8.458443073845636
354,0.04860134259259259,1.9789263918996656,-85.06960203867257,-101.25047955103476,-0.6263419229018075,-0.003580000000000008,0.9538326090469451,33.90881813635606,6.781763627271197
355,0.04623840277777778,2.0060526560126135,43.14314743539753,56.996314509047394,0.7439187994506824,-0.005120000000000012,0.623575616741745,51.25223648385842,10.250447296771709
356,0.046217175925925925,2.003617566401897,13.89249077407252,25.916754945613803,0.34288806710673914,-0.00446000000000001,1.133270635988548,44.78279713285548,8.9565594265711
357,0.04668057870370371,1.9901321083326375,-74.47460057187912,-112.80439228357979,-0.49024643584668626,-0.00432000000000001,0.9532434471343554,44.01564149580486,8.803128299160974
358,0.04905700231481481,1.9730283080299553,-138.95415902294363,-153.998940615078,-1.1370983491024722,-0.003880000000000009,1.0465476768016346,36.3129966105462,7.26259932210923
359,0.05116975694444444,1.997015127219309,0.8297942694900203,1.1964981532807801,0.05183745233978687,-0.0038000000000000087,0.5981848974922377,37.548063566149914,7.50961271322998
360,0.050706979166666666,1.978137246403114,-136.30933976037178,-168.73101627545378,-1.10073253819718,-0.0038000000000000087,1.086359763653244,34.13941212424293,6.827882424848573
361,0.04906325231481481,1.9841717668461394,-24.31356662350725,-35.9605501066135,-0.6085973072513573,-0.0037000000000000084,0.758659340945711,34.83813968994833,6.967627937989655
362,0.0492938425925926,1.9951724551280723,19.251476525005305,30.14492359435945,0.1928964081865714,-0.00458000000000001,0.4640031340736095,42.88720342279269,8.577440684558544
363,0.04750737268518518,1.976435138124218,-119.5232949568177,-215.6881829307613,-0.808403013308634,-0.004980000000000011,0.6480868202276002,47.95927098960938,9.591854197921892
364,0.0500921875,1.9819553689644118,-69.25999001558445,-74.67389437972642,-0.5395675443775283,-0.005460000000000013,0.9812949628776546,50.58281935878202,10.116563871756435
365,0.049361134259259254,2.0022247945299476,31.368345546496794,38.50702983369804,0.24595480914018086,-0.0037000000000000084,0.30044906808268657,33.803578374173476,6.760715674834681
366,0.04983692129629629,1.9946593959157475,-14.923862936708106,-28.331974216608995,-0.06986588363415702,-0.004080000000000009,0.27148829565379895,40.30466188809246,8.060932377618492
367,0.04649340277777778,1.9851382791095877,-50.48353840962076,-103.19021601235144,-0.7291882004388461,-0.004020000000000009,0.9481125371203158,38.89367672389843,7.778735344779677
368,0.045145185185185184,1.9852032510714799,-44.202202260734126,-57.9516260241802,-0.8269737493337925,-0.00442000000000001,1.7357369656833987,46.037645163082736,9.207529032616554
369,0.0431780787037037,1.9488348951251493,-169.0943004543753,-269.5057105469153,-2.25627323184725,-0.004980000000000011,2.5797335859637505,52.49058176362727,10.498116352725472
370,0.04283688657407407,1.967389237304151,-10.036557203608043,-19.51241267080584,-0.16071507691092224,-0.005720000000000013,2.465530720365361,63.508556981719174,12.701711396343883
371,0.045352662037037035,2.011959166575096,81.79021383125172,119.01264313211095,0.4750925167871456,-0.0046800000000000105,0.9751565727415423,47.52017002833806,9.504034005667624
372,0.045766793981481486,1.969020189560665,-133.92431799476395,-398.06428195386957,-1.6684804498870442,-0.00456000000000001,1.8806704408776076,45.78124131799744,9.156248263599498
373,0.046440231481481485,1.9812865086498377,-108.43735981479544,-205.50100119402612,-1.178587033928158,-0.0039200000000000085,1.304056109246332,39.86336611657499,7.972673223314988
374,0.0494441550925926,1.9997027317799911,38.10501228261464,52.274867125803816,0.869873805137722,-0.0039200000000000085,0.6367704922694117,38.659721064621884,7.731944212924371
375,0.05150978009259259,2.0075648452214003,34.494468041191865,68.89433894861605,0.39315399540666984,-0.006040000000000014,0.35717402690274014,52.007251208534754,10.401450241706991
376,0.0493000462962963,1.983869981897394,-52.95497626374708,-110.75440234901463,-0.6650191542610817,-0.003900000000000009,1.6969459237517692,38.6450519531033,7.729010390620653
377,0.050931550925925925,1.997090974944422,-12.569870471159717,-21.145745826394492,-0.25110621395474375,-0.003580000000000008,0.6642402666714231,31.550036117130634,6.310007223426115
378,0.0519628587962963,1.9877282814226536,-38.29385850689183,-57.15058473145356,-0.5368720346788036,-0.003540000000000008,1.1861475733348725,31.897399566594434,6.379479913318873
379,0.04536333333333333,1.9194128887804127,-167.92562921837416,-196.74678392301874,-3.7618809590479474,-0.004860000000000011,4.010098198777379,50.30760682335945,10.061521364671904
380,0.045042905092592594,1.9914646047790643,45.522163345896686,99.03204925765584,0.6370485494834988,-0.005300000000000012,0.9944442853608848,54.59729399344335,10.9194587986887
381,0.05308402777777778,2.002418739555531,9.249212590562186,12.867434177499726,0.09006405935430006,-0.0036600000000000083,0.5888057696032734,31.5038617547369,6.300772350947368
382,0.05168247685185185,2.0121724691534264,54.486093658580835,104.29474496182553,0.4263515362085357,-0.0050400000000000115,0.32689294140451075,44.946074345724284,8.989214869144877
383,0.05115569444444444,1.987613102709877,26.426735930865796,53.408599612945835,0.02368359515307894,-0.004060000000000009,0.3028162365592113,37.98344168472523,7.5966883369450455
384,0.049778206018518525,1.9947375824763185,-73.33532596363814,-112.7792185546391,-0.4444129937556829,-0.0037800000000000086,0.6996277142107377,36.37147857976329,7.274295715952649
385,0.056941377314814814,1.9895912561907347,-19.00377410668372,-29.332740114115943,-0.10014778719257267,-0.004160000000000009,0.5841291610226951,32.69719953325554,6.539439906651105
386,0.05603994212962963,1.9927841145352236,-54.80999569934877,-58.25655586420264,-0.47859460612765803,-0.0039200000000000085,0.5153063800202307,34.15233094404623,6.8304661888092415
387,0.04890717592592592,1.9959976811136937,13.389775505917617,50.67385510238959,0.09104537244292166,-0.00440000000000001,0.5362618772148942,43.36200477857421,8.672400955714846
388,0.046964432870370366,1.9988943339437768,22.30290760082353,57.802839233446804,0.3385857055776764,-0.004840000000000011,0.585317016205289,48.656053786742234,9.731210757348466
389,0.043727118055555556,1.9752666117308675,-196.35869195330574,-326.51260794279597,-1.375410927807108,-0.004240000000000009,1.7683752894059324,43.57473467800189,8.714946935600373
390,0.04432039351851852,1.9642659477381,-115.26590969137337,-235.22888885222892,-1.35363372297439,-0.0043000000000000095,1.5101621571566803,43.81955325887648,8.763910651775294
391,0.04645857638888889,1.9834888586620767,-21.88585769643962,-25.547537388713543,-0.5032068395151024,-0.004060000000000009,1.4543732369961093,38.839139856642774,7.767827971328547
392,0.0458246875,2.001818856522411,12.447201113342944,27.407141749410734,0.00805393135162591,-0.003940000000000009,0.9129244301993134,40.15366449963883,8.030732899927758
393,0.04324354166666667,1.851632785526506,-176.99737021966425,-175.7159128492434,-6.7605050500762705,-0.005620000000000013,7.455187889854442,61.22864921931433,12.24572984386291
394,0.042864340277777774,2.0047207810739667,6.272698272845831,9.977303269457321,0.4528220537364236,-0.004880000000000011,1.547222008259297,53.87542368172473,10.775084736344969
395,0.04360005787037037,1.8728583824517104,-143.5647433969503,-144.07768549983234,-6.413037704126234,-0.004840000000000011,6.9330857973015085,52.343585041951435,10.46871700839031
396,0.04436130787037037,1.981256485580655,-20.278785939975837,-24.06294500990371,-0.30323290979318296,-0.004820000000000011,2.325747735774164,47.36322720453409,9.472645440906826
397,0.044846909722222224,2.003953247092683,87.03058014882703,156.8248757556665,0.931299177007483,-0.00446000000000001,0.35017005006969804,46.18719786631105,9.237439573262215
398,0.046190416666666664,2.003109345040823,12.509673574266284,27.258768725153725,0.0482208124012784,-0.00454000000000001,0.9458543249310059,46.167722398177474,9.233544479635505
399,0.04806700231481481,1.99401048662694,-53.66453067612478,-63.42216659131427,-0.31977907453877297,-0.0038000000000000087,1.1178310550084447,38.436433850086125,7.687286770017217
400,0.048526597222222224,1.9820944352329617,-51.395556309362654,-75.54219117335644,-0.8493251935674406,-0.0033000000000000074,0.7788974654719061,33.5627326776685,6.712546535533685
401,0.04729525462962963,1.9859891052095382,-11.384618629884768,-18.843558536273452,-0.07794657658964921,-0.004120000000000009,0.8889162518044724,42.03481135744846,8.406962271489691
402,0.04660361111111111,1.9844645322447043,-12.526378174763641,-20.708433325430168,-0.5978999129235718,-0.004160000000000009,1.2705221171072645,38.88906484414069,7.777812968828131
403,0.04853553240740741,2.005186491715893,52.077640085968476,96.8692995141256,0.4837661385525438,-0.0037800000000000086,0.39531034965720746,37.40420625659832,7.480841251319656
404,0.047007592592592594,2.0033541753371042,15.274088151417159,31.94554466185804,0.14095502738422638,-0.0037000000000000084,0.6264782081890408,37.05831527476802,7.411663054953593
405,0.047685914351851856,1.9922052860251835,-96.74688592523795,-219.57956477807033,-0.37132461536577566,-0.004060000000000009,0.6968931981342963,40.66336056009335,8.13267211201867
406,0.04792501157407407,1.9836621668333179,-83.85084464780346,-138.3194398958579,-0.5901106001527157,-0.0037800000000000086,0.8046383713077865,35.74545757626271,7.14909151525253
407,0.048954178240740734,1.977539252221784,-107.95659863347832,-105.85665393350237,-1.013081999376808,-0.004020000000000009,1.0312340734107583,37.04803578374173,7.409607156748341
408,0.04563293981481482,1.9811589364579005,-59.719512107759805,-112.52433086419336,-0.7007902911211228,-0.004820000000000011,0.7904101390028506,48.78065788742568,9.756131577485151
409,0.0461968287037037,2.0021221948030186,40.031385824556416,100.63593327518949,0.7769043422160338,-0.003980000000000009,0.7257502949165384,38.24940267822415,7.649880535644818
410,0.04522146990740741,2.0078158486496527,52.671582198114976,122.11187543739479,0.920262971254715,-0.00436000000000001,0.6772905995971135,44.257348446963384,8.85146968939268
411,0.04268405092592593,1.9469214083031734,-184.92887707435526,-209.0662769935493,-4.014191845414583,-0.005100000000000012,3.769353057932223,52.92212590987387,10.58442518197479
412,0.04288438657407407,1.9773910522077867,-11.014149196693422,-18.54099482294029,0.2412160464915436,-0.00462000000000001,1.3147048444629994,50.127021170195036,10.02540423403902
413,0.04487847222222222,1.9918216078278956,17.20606124611603,30.11053404067463,0.16922915852080056,-0.004140000000000009,1.0674326028836,42.29210423959549,8.458420847919093
414,0.04716188657407407,2.0078920516601877,3.768935222676925,6.94685563780109,0.08188834459148531,-0.00442000000000001,0.4187538445796557,44.05637050619548,8.8112741012391
415,0.04611175925925926,2.0146709923985284,80.95301943746898,466.12511977788586,0.9569356334369727,-0.004840000000000011,0.44830513260005755,52.37811857531811,10.475623715063646
416,0.04812677083333334,1.9609096181494798,-141.0210116381311,-138.86021156994798,-1.9823212193521567,-0.004200000000000009,1.9665383150349158,40.26218258598655,8.052436517197306
417,0.046175370370370374,1.9594428791451364,-61.88240857195741,-96.98807335160316,-1.8303752927969819,-0.005280000000000012,2.6132405441452122,55.26748902594877,11.053497805189785
418,0.05079696759259259,1.9943376016461625,45.04239778218484,83.1777544748399,0.6552624458898482,-0.00456000000000001,1.1771787687970048,42.270934044562985,8.45418680891261
419,0.0499275,1.9900240369344682,-13.71055867601465,-31.38967211847663,-0.21066028706355766,-0.004220000000000009,1.256317493494541,40.33336111574151,8.066672223148304
420,0.05595231481481481,1.9943221597816925,-82.90314021044941,-171.5049745503167,-0.6213648591659515,-0.0026000000000000055,0.8405225274872863,23.334555759293217,4.666911151858632
421,0.05430597222222222,2.0117491880544573,90.12826717222813,129.61721172883685,0.809460998744993,-0.004100000000000009,0.3620627625014805,35.23687281213535,7.04737456242707
422,0.05945042824074074,1.9950862771016902,13.967324421782603,21.294154564703426,0.05681565374682229,-0.0036400000000000082,0.2596081303847586,31.24648552536534,6.249297105073062
423,0.0659978125,1.9826104306249128,-70.24548545191432,-80.94085850481778,-0.725104195831161,-0.003940000000000009,0.8798682380831924,28.963743957326223,5.792748791465239
424,0.06335560185185185,1.994998066017304,-3.2210309614806327,-3.9597827593022377,0.03619645838848218,-0.0034000000000000076,0.6101572048603843,27.126493304439627,5.425298660887913
425,0.060588298611111105,1.9952089655630307,-18.509072677323427,-30.606572812646903,-0.2883440553405947,-0.0042800000000000095,0.5796202946861007,34.65497027282325,6.930994054564655
426,0.06330010416666666,1.9813888602870988,-82.48308470014479,-103.57833265325708,-0.7690601283802279,-0.0033400000000000075,1.0358861268075281,26.893648941490248,5.378729788298035
427,0.0615349537037037,1.999157897806208,17.592591062428838,25.878276089760142,0.2043621044730548,-0.004860000000000011,0.5863682722783814,39.21675834861366,7.843351669722754
428,0.052571817129629626,1.9915581797835877,22.583335244886268,35.06864747979111,0.16143518781640553,-0.003500000000000008,0.5174832946654884,31.26526643329444,6.253053286658876
429,0.053165520833333334,2.000359173796762,11.323182987609336,27.379777839442205,0.014669341689965698,-0.003220000000000007,0.41320797214849936,29.21050730677335,5.842101461354656
430,0.05996578703703703,1.9850325988271995,-58.856167852886315,-100.97690539466966,-0.548705197272048,-0.003960000000000009,0.7294058730828112,31.329165972106463,6.265833194421289
431,0.058948321759259265,1.987245953206116,-42.551795254394044,-53.2330639765028,-0.5251507982750425,-0.0034400000000000077,0.5245089781225842,29.199060954603546,5.839812190920696
432,0.051320081018518524,1.9874811505685341,-31.785766069554615,-39.34199749336519,-0.2543745670799513,-0.0037000000000000084,1.2603809843053204,36.680863477246206,7.336172695449232
433,0.05621960648148148,2.0069031507237542,90.98631688219659,140.0583952757659,0.8488128261582517,-0.004800000000000011,0.2994091547244393,38.9806912263155,7.796138245263113
434,0.06141771990740741,2.019522880451841,94.05626835580233,662.3806898284544,1.0806561633164957,-0.005080000000000012,0.37445618362728084,38.33224981941434,7.666449963882894
435,0.049319282407407405,2.0062171440702175,36.61976764834794,51.242975740843804,0.3401463540030125,-0.004720000000000011,0.5147849349950606,43.94668555870423,8.789337111740855
436,0.057356111111111115,1.9947726053757528,-49.53190207369931,-58.436890520294696,-0.35684843664014476,-0.0042600000000000094,0.7696885877314541,36.04553536700561,7.209107073401125
437,0.06428618055555556,1.9823474890359107,-69.14867319187735,-104.5953065162925,-0.6042579570460838,-0.0042800000000000095,0.49787053756195077,29.409984997499585,5.881996999499914
438,0.07044398148148148,1.9795708324718166,-67.63133031633762,-69.69882822195963,-0.6745211382500949,-0.00452000000000001,0.7936967266303663,30.15363671723065,6.030727343446138
439,0.07381935185185186,1.9897786491392446,-45.70799758906464,-57.46705980274719,-0.2033321413760114,-0.003240000000000007,0.7395853580013823,22.56826137689615,4.513652275379219
440,0.08325570601851852,1.996264821906128,-49.326474729365216,-59.79342466282571,-0.36597847891827184,-0.004220000000000009,0.4674680573080292,25.546452186475523,5.109290437295112
441,0.06808520833333333,1.9986258740343212,55.7681403615569,81.82518695672383,0.555101186224316,-0.005580000000000013,0.5274669833642109,40.76540534533533,8.15308106906711
442,0.05895444444444444,2.005042949793752,35.08760376300303,48.34770658193878,0.4161454301067291,-0.0033200000000000074,0.5431484500267203,26.7755737067289,5.355114741345766
443,0.0671536574074074,1.9888799104208557,-76.65953151514739,-116.55277756391463,-0.6321518109670965,-0.005000000000000011,0.7440059547420552,36.81916430516197,7.363832861032412
444,0.055963240740740744,1.9652421185507618,-95.00176497814667,-94.27328283684784,-1.367585708648178,-0.004140000000000009,1.4907420920771575,34.95313107740179,6.9906262154803525
445,0.057835254629629636,2.0091394223055543,119.94386412775745,385.88735152102595,0.7198134485768115,-0.004120000000000009,0.2365644008988088,33.372395399233206,6.674479079846641
446,0.053941944444444445,2.000303855747433,27.146096563156433,55.23461236416941,0.3357770274619254,-0.004120000000000009,0.5913774063049493,37.44090681780297,7.488181363560594
447,0.051938472222222226,2.0112637549187595,39.24446936403037,87.6237459358973,0.6305059852365957,-0.0034400000000000077,0.7007554741262023,33.268822581541365,6.653764516308259
448,0.06054958333333334,1.9853035204767582,-80.35388370866178,-97.5191654736351,-0.6815314548724638,-0.003480000000000008,0.8820706676634482,26.149358226371064,5.229871645274201
449,0.06755590277777777,1.9900902108323937,-38.11993062187989,-115.85217954426403,-0.43557055108521814,-0.005460000000000013,0.640266747410112,37.95935433683392,7.591870867366807
450,0.05686674768518519,1.9246988360760977,-214.23484536209264,-228.0894922289009,-4.202302022367432,-0.0033200000000000074,4.387359298490912,27.879563260543424,5.57591265210867
451,0.04456150462962963,1.9665065755850168,-17.714656413609035,-18.33779585160632,-0.34283090590350174,-0.004920000000000011,1.456967443619972,54.01194643551703,10.802389287103434
452,0.048282986111111106,2.001488471205489,19.883770622053444,24.846899130962488,0.273755809517251,-0.004980000000000011,0.5684637258232317,46.89359337667389,9.378718675334795
453,0.04584207175925926,1.9892850042409702,-52.73148905323229,-95.92781396162796,-0.9403652580112776,-0.0046800000000000105,1.4485625341322472,47.572984386286606,9.514596877257333
454,0.04662541666666667,1.972716478810579,-90.04882499981427,-135.55444772338734,-0.6893226098933058,-0.005000000000000011,0.7622954339228438,49.594626882258154,9.91892537645165
455,0.04799013888888889,2.0095382928792462,112.34392105457836,426.00237194854355,0.9435018696038688,-0.0037400000000000085,0.2460165962047789,37.31335778185253,7.462671556370496
456,0.05325199074074074,2.010503003195522,61.117338050080825,151.42773027169898,0.5971343242033855,-0.0037600000000000086,0.2922401339254588,34.431127410123906,6.886225482024774
457,0.05726039351851851,1.9832730635222247,-102.23764112096578,-159.39824876504892,-0.8263988121807064,-0.005300000000000012,0.7409319096530087,44.98452519864422,8.996905039728873
458,0.056846307870370365,2.0007691414325413,61.20122185963584,171.13464612195327,0.7749149676553158,-0.005020000000000011,0.5237257092021053,40.99511029616047,8.199022059232115
459,0.04767592592592593,1.969976461106254,-124.2940802264569,-133.1026766985919,-1.9975412636408563,-0.0042800000000000095,1.9548797058719147,40.3403067177863,8.068061343557256
460,0.04364371527777778,1.9033762026968468,-94.51759072652912,-81.01575710575564,-4.078587230956787,-0.005360000000000012,4.232821307164015,58.61351891981997,11.722703783964034
461,0.04438157407407407,1.9772704448742644,-27.36652012591903,-56.26535842228303,-0.5721292484169194,-0.004840000000000011,2.5810425591552333,52.274073456687226,10.454814691337466
462,0.04827608796296296,2.0117297711217326,24.741143800539934,39.67336670798384,0.23436069877014187,-0.00448000000000001,0.4329630022896991,42.61287992443185,8.522575984886375
463,0.04815071759259259,2.002015550847358,12.795841945063415,24.963045216453956,0.27389873068396353,-0.003580000000000008,0.6841836758318953,33.542951603044955,6.708590320608976
464,0.04952006944444444,1.9671314719560875,-147.98762864825153,-243.57215559718034,-1.4531072059223882,-0.0037600000000000086,1.4065033723034581,35.793910096127135,7.158782019225417
465,0.046206331018518516,1.999658574224265,31.116178596593034,82.1606988827266,0.19060199497388242,-0.004900000000000011,0.7395504032074118,50.63110518419737,10.126221036839492
466,0.04672087962962963,1.9794783585400502,-71.31359423696556,-95.61766613025968,-1.393154143135522,-0.004140000000000009,1.9286468630025255,41.66813913430016,8.333627826860031
467,0.04448837962962963,1.968008864552213,8.947359742787146,18.49973928683742,-0.41259337146516417,-0.005260000000000012,1.6038533581757664,53.8078013002167,10.76156026004337
468,0.044855208333333334,2.02045808213903,101.39163886006716,191.5568514723966,1.4353261046576415,-0.00432000000000001,0.575538597231473,43.66088792576541,8.732177585153082
469,0.04648923611111111,2.0044037842018723,-8.607684948516322,-16.22552359535456,-0.23840100027388011,-0.00442000000000001,0.9529287086411431,43.803995110296164,8.760799022059235
470,0.049343553240740745,1.9915265376700573,-16.1529241130178,-22.179905456010555,-0.17722914633792053,-0.003940000000000009,0.6662482144765058,38.333666722231484,7.666733344446291
471,0.053405231481481484,1.9825260568694283,-65.4014969807517,-97.33544239534845,-0.31513524110358127,-0.003480000000000008,0.9014349618114759,31.923237206201033,6.384647441240194
472,0.04946819444444444,2.025558496156121,173.3087079641173,323.48868328347703,1.9486290848169663,-0.0037200000000000085,0.385124715829388,35.07334555759293,7.014669111518575
473,0.04671105324074074,2.004977224348411,-47.05775147437557,-97.55879517361666,-0.14060643615330104,-0.004200000000000009,0.864517861736247,42.276685003056066,8.455337000611214
474,0.04856614583333333,1.976074331181284,-113.64428714434665,-331.413450721395,-1.0167266941664366,-0.0036400000000000082,1.2917506175603721,35.75009723842863,7.150019447685713
475,0.05145699074074074,1.99706312293987,5.859149283034347,9.695884157188571,0.04104882305128177,-0.005100000000000012,0.6775454797977809,49.121159082069234,9.824231816413878
476,0.052060150462962966,1.9831308620612988,-56.66437778449977,-106.68562502729651,-0.6621076531050041,-0.00436000000000001,1.0910498282761694,39.03811746402178,7.80762349280436
477,0.05387984953703704,1.998595888538552,33.18494063380337,51.638571975497435,0.32482962182156516,-0.003560000000000008,0.5653284700863348,30.698783130521754,6.139756626104339
478,0.05021020833333334,2.0013746310380705,12.416647124415077,26.70257899245146,0.06043425984021411,-0.004060000000000009,0.4383297065637892,37.80218925376452,7.560437850752899
479,0.05052018518518519,1.994662866959866,27.791835135700236,42.67442833788844,0.07125754906844861,-0.0046600000000000105,0.2810734586275454,41.683475023615046,8.336695004723017
480,0.04905302083333333,1.9777803260541567,-85.84508652232375,-159.1445359738992,-0.8348252534136846,-0.004040000000000009,1.1977303182726384,36.33472245374229,7.266944490748449
481,0.04784167824074074,2.0203382286234093,78.10977223260275,179.939051123876,1.1953344104155716,-0.004220000000000009,0.5723574300510625,41.60121131299661,8.320242262599322
482,0.05111246527777778,1.9783926682421886,-59.04724661881097,-105.7464045983782,-0.8575079187657653,-0.003980000000000009,1.1396227788059377,33.96432738789798,6.7928654775795865
483,0.053301145833333334,1.9958128100728045,5.532709392176408,8.342974496462395,0.0581330453575557,-0.004700000000000011,0.43723948661161804,41.00297271767517,8.200594543535043
484,0.04590747685185185,2.002456225483059,41.05015449544517,25.744851339979792,1.0470645314410332,-0.005220000000000012,1.5262613411491932,51.50730677335111,10.301461354670245
485,0.042472002314814815,2.0160540225273995,95.55561814379065,289.0439122488767,2.70965084277226,-0.00456000000000001,1.9817345720352764,50.044674112352055,10.00893482247042
486,0.04220424768518519,2.0294067554309914,-31.655158757213982,-70.83154150310249,-1.0077935804875482,-0.005640000000000013,2.910570282363545,62.924515196977275,12.5849030393955
487,0.04330625,1.971213650678476,-34.5228927587175,-36.758237568035796,-0.9900419848495545,-0.00448000000000001,1.9502042936255903,48.95149191531922,9.790298383063853
488,0.04644979166666667,2.0088413656864605,92.8368479588832,206.4731420015953,1.3874940375671718,-0.0037600000000000086,0.6024774334294047,38.868478079679946,7.773695615935977
489,0.047828726851851855,2.0020348024979326,-42.86859028741226,-47.49193755377692,-0.5913294241457256,-0.0046800000000000105,0.8058580889103162,46.65002500416736,9.33000500083349
490,0.04570037037037037,2.013320949664644,41.95693231171965,93.81209056957739,0.8099414918241288,-0.005300000000000012,0.7061125592044748,55.92009779407679,11.184019558815393
491,0.04743578703703704,1.9816878224115504,-9.329826292311251,-12.46172675448698,-0.05622932795964486,-0.005640000000000013,0.9445119851274608,55.79671611935323,11.159343223870682
492,0.05106975694444444,2.0018786411730494,3.0044239297873805,5.644087704347662,-0.040526699873111305,-0.003980000000000009,0.42407407545029807,39.62224259598822,7.924448519197648
493,0.04837827546296296,1.988820333151807,-20.06641182593498,-42.87552334899725,-0.22460047046712894,-0.00436000000000001,0.7218925226468387,44.348363616158245,8.869672723231655
494,0.05002807870370371,1.9694960293671588,-127.69393506583117,-141.0513611319877,-1.3048664402801502,-0.00452000000000001,1.4049901902775108,44.688448074679116,8.937689614935834
495,0.05516226851851852,1.9929557290224638,-59.93456186719905,-106.64360873785537,-0.18457140397599714,-0.004080000000000009,0.4998697368228444,36.50208368061344,7.300416736122689
496,0.05584155092592592,1.9889187728582942,-27.26312657645239,-41.00781660376886,-0.4592369550787567,-0.0022200000000000045,0.7572826407238331,20.428932599877758,4.085786519975543
497,0.061408495370370374,1.9933708150898406,8.297831086184685,11.565760739566395,0.043741586708145874,-0.004880000000000011,0.5260888422522481,38.66399955548147,7.732799911096314
498,0.05923902777777778,1.9933823825993466,-49.826674572665006,-75.52483164692376,-0.5056640670211943,-0.0037800000000000086,0.5838912144873754,31.103878424181808,6.220775684836355
499,0.059682488425925925,1.9801375398025682,-64.28277463193395,-68.53222588969457,-0.4617996745653552,-0.00446000000000001,0.7225310616859604,34.13071623048286,6.826143246096575
500,0.055290717592592596,1.9862308003307394,-5.842835265307243,-4.7979094370943285,-0.532450164211562,-0.004980000000000011,0.4338958258048642,44.40384508529199,8.880769017058423
501,0.05464923611111112,2.004321218259086,163.98920693369155,429.9924335163078,0.8132233508402642,-0.004840000000000011,0.13848553267921115,41.68341945879869,8.336683891759748
502,0.047647037037037036,2.0252031905894796,123.63837491557362,316.81055626094707,1.8673219326873713,-0.0042800000000000095,0.5540380827782077,41.13591154081236,8.227182308162472
503,0.04461634259259259,2.03743586744494,101.7467596521538,171.97551529698043,1.1108872879246556,-0.0046400000000000104,0.7126535370495013,48.10043340556759,9.620086681113527
504,0.04762673611111111,1.9784499337622068,-48.14389091647628,-56.29244886854669,-0.9030870810722069,-0.00436000000000001,1.1433973869698022,42.895621492470966,8.579124298494197
505,0.045813900462962964,1.976859955465203,-40.09079546715756,-42.21500038228805,-0.4967863601254341,-0.004160000000000009,1.4836843293493662,41.6138800911263,8.322776018225257
506,0.04601418981481482,2.0134961653398493,122.99254148007293,395.14212846411846,1.421951547468514,-0.00432000000000001,0.6921510153659827,43.520475634828024,8.704095126965607
507,0.04494890046296297,1.979571650435592,-79.20808122614824,-85.25175549843466,-1.459834738903909,-0.00436000000000001,0.9347877343216404,44.255014724676336,8.851002944935267
508,0.05146141203703703,2.007940569465955,148.04978076629237,592.7976041708522,0.961277534193905,-0.00444000000000001,0.27097747994160315,41.4909429349336,8.29818858698673
509,0.04471376157407407,2.068904408577863,180.92819330207115,491.77852295117737,4.033599210029082,-0.005860000000000014,0.5026009123498598,60.52403178307496,12.104806356615036
510,0.04298653935185185,2.0676994284179497,79.9129196882726,137.53196349642346,3.7878166865809026,-0.0058000000000000135,1.9320612363030287,62.88256376062677,12.576512752125403
511,0.04319744212962963,2.0158115049943452,-23.575120198775355,-40.52513255583217,-0.2807777864149097,-0.005300000000000012,1.0840364882497955,57.28560315608157,11.457120631216346
512,0.04519012731481482,1.9964231211199062,41.219343535103064,56.71431280320666,0.5877094029961061,-0.00460000000000001,0.6608563392468736,46.95732622103684,9.391465244207374
513,0.046647615740740736,2.000920706677149,69.71253140367092,97.41002390341072,0.7552496126982611,-0.005080000000000012,0.4779908077737316,51.50983497249542,10.301966994499107
514,0.04363740740740741,2.0175429122787203,19.303314525418806,44.68337148682525,0.4428823085407929,-0.005900000000000014,2.5233753788949764,64.03656164916374,12.8073123298328
515,0.04597675925925926,1.9980470085900481,49.257172088536244,48.892373239574724,0.7095300526940629,-0.005020000000000011,0.8281072127685252,51.3584208479191,10.271684169583843
516,0.04794214120370371,1.999015739615719,-46.61647165265521,-67.79216200713465,-0.13765595832411215,-0.005540000000000013,0.7197438136377743,51.746735567038954,10.34934711340782
517,0.050263078703703695,1.9792969072921005,-106.88313977657283,-136.4251841826075,-0.792100536498197,-0.00456000000000001,0.9427184026756907,43.72506528865922,8.745013057731857
518,0.048899745370370375,2.006356689440663,65.80533799445514,85.48684858462394,0.6472553233432099,-0.004200000000000009,0.48682826549837355,41.799383230538425,8.359876646107688
519,0.04990856481481482,1.9940058039662638,-27.953663965857736,-49.65074361465855,-0.29922913784602434,-0.00458000000000001,0.5638946435207681,45.29924431849753,9.05984886369952
520,0.045297685185185184,1.9519216876014858,-151.82367427464212,-169.23248498860258,-2.06092289169304,-0.0046600000000000105,2.3087428147999245,47.603683947324555,9.52073678946492
521,0.04901251157407407,1.999543826068184,-3.3929417875218166,-3.543051833380685,-0.0660969283433177,-0.00438000000000001,0.512463113420969,41.805467577929655,8.361093515585937
522,0.05110246527777777,1.9949834976483476,48.462722644432596,46.00110869416258,0.585612683629444,-0.004000000000000009,0.444878904188617,38.003445018614215,7.600689003722843
523,0.04971393518518518,1.9796711563436602,-83.92631488261229,-101.46406888385621,-1.2691736440511248,-0.004200000000000009,1.5922184131703987,38.49641606934489,7.699283213868975
524,0.04777226851851852,1.987942131941331,7.996477024859183,14.389241041688374,0.1515770237515146,-0.003520000000000008,0.8164464358118795,32.6507751291882,6.530155025837625
525,0.04770247685185185,2.002678287127047,-30.774207886021905,-43.953221428818864,-0.25993094098824,-0.004800000000000011,0.5750317107461544,45.190976273823416,9.038195254764695
526,0.04315447916666667,1.9640436134780719,-56.85260940974377,-82.46202460673088,-1.240668138286638,-0.005140000000000012,1.3057858944115264,53.87042284825249,10.77408456965052
527,0.04286914351851852,2.0523515964932635,203.2496510323985,894.6523031182909,4.6843150551211465,-0.005740000000000013,0.3073636964274762,60.959771072956606,12.191954214591362
528,0.042470590277777776,2.0029875554369316,-26.69993191941885,-22.3655412567312,-1.0485967574326072,-0.006380000000000015,6.452216299730518,69.57026171028505,13.914052342057074
529,0.04432914351851852,1.992974800691369,-1.9510355372320496,-2.520763207510358,-0.36271150851421297,-0.005600000000000013,1.5760399484947785,59.159276546091014,11.831855309218243
530,0.0450050925925926,1.9969407477632017,-9.925967723840248,-15.431544807537014,-0.10123527775709462,-0.004780000000000011,0.7198523989585759,48.266683336111576,9.653336667222328
531,0.04600980324074074,1.9704094187479304,-156.08514703897592,-166.37035999282057,-1.5071326996118128,-0.005660000000000013,1.4767075105742489,56.718203033838975,11.343640606767835
532,0.04293277777777778,1.9270743393682621,-129.48816310240605,-158.11208692258373,-3.407330574611045,-0.006160000000000014,3.4206542100441384,65.69142079235428,13.138284158470912
533,0.046081909722222224,1.9913907150346324,-10.876268767436672,-21.203364794453158,0.055762559696426184,-0.005000000000000011,0.8503545818722036,52.53878424181808,10.507756848363641
534,0.04396652777777778,1.9040551712661278,-113.63959695491086,-144.83510387690598,-3.9904075222248037,-0.004780000000000011,4.839034306716972,50.64055120297827,10.128110240595667
535,0.03112525462962963,1.9691548883295804,-158.65369191720538,-347.4468059910821,-2.0389550770537057,-0.00438000000000001,1.7068649984654294,63.156854467301194,12.631370893460238
